Customer_Key,Product_Key,Address_Key,Invoice_Key,Payment_Key,ShoppingCart_Key,Shipment_Key,WishList_Key,Date_Time,Fact_Key
1,1,1,1,1,1,1,1,9/21/2007 5:03 PM,1
2,2,2,2,2,2,2,2,5/1/2019 5:26 PM,2
3,3,3,3,3,3,3,3,1/4/2005 6:41 AM,3
4,4,4,4,4,4,4,4,5/24/2012 11:47 AM,4
5,5,5,5,5,5,5,5,12/21/2001 1:50 PM,5
6,6,6,6,6,6,6,6,4/30/2013 9:29 PM,6
7,7,7,7,7,7,7,7,8/17/2008 4:50 AM,7
8,8,8,8,8,8,8,8,5/5/2015 9:17 AM,8
9,9,9,9,9,9,9,9,8/3/2011 1:57 PM,9
10,10,10,10,10,10,10,10,8/24/2004 6:09 AM,10
11,11,11,11,11,11,11,11,8/23/2014 8:37 AM,11
12,12,12,12,12,12,12,12,3/28/2015 3:01 PM,12
13,13,13,13,13,13,13,13,12/8/2010 8:42 PM,13
14,14,14,14,14,14,14,14,5/10/2012 6:27 AM,14
15,15,15,15,15,15,15,15,11/7/2005 2:10 AM,15
16,16,16,16,16,16,16,16,6/20/2018 9:42 PM,16
17,17,17,17,17,17,17,17,9/19/2020 3:55 AM,17
18,18,18,18,18,18,18,18,1/30/2011 6:17 AM,18
19,19,19,19,19,19,19,19,2/9/2009 11:58 AM,19
20,20,20,20,20,20,20,20,12/16/2005 3:14 PM,20
21,21,21,21,21,21,21,21,1/30/2004 1:00 AM,21
22,22,22,22,22,22,22,22,9/2/2014 1:57 AM,22
23,23,23,23,23,23,23,23,8/31/2002 11:15 AM,23
24,24,24,24,24,24,24,24,1/20/2002 10:26 AM,24
25,25,25,25,25,25,25,25,9/5/2013 6:50 PM,25
26,26,26,26,26,26,26,26,11/10/2015 12:16 AM,26
27,27,27,27,27,27,27,27,11/26/2011 8:46 PM,27
28,28,28,28,28,28,28,28,2/12/2006 4:09 AM,28
29,29,29,29,29,29,29,29,10/16/2017 10:30 AM,29
30,30,30,30,30,30,30,30,1/25/2019 7:07 PM,30
31,31,31,31,31,31,31,31,4/2/2003 3:51 PM,31
32,32,32,32,32,32,32,32,4/29/2000 3:42 AM,32
33,33,33,33,33,33,33,33,4/2/2001 4:36 AM,33
34,34,34,34,34,34,34,34,12/19/2016 2:56 PM,34
35,35,35,35,35,35,35,35,1/31/2016 5:17 PM,35
36,36,36,36,36,36,36,36,9/28/2005 8:58 PM,36
37,37,37,37,37,37,37,37,5/18/2007 2:16 PM,37
38,38,38,38,38,38,38,38,9/21/2019 2:51 PM,38
39,39,39,39,39,39,39,39,5/28/2014 9:25 PM,39
40,40,40,40,40,40,40,40,12/7/2002 6:13 AM,40
41,41,41,41,41,41,41,41,10/11/2003 6:00 PM,41
42,42,42,42,42,42,42,42,3/31/2012 3:47 PM,42
43,43,43,43,43,43,43,43,6/24/2010 7:03 AM,43
44,44,44,44,44,44,44,44,10/17/2011 7:38 AM,44
45,45,45,45,45,45,45,45,3/1/2014 9:38 PM,45
46,46,46,46,46,46,46,46,8/24/2018 1:02 AM,46
47,47,47,47,47,47,47,47,12/30/2006 6:46 PM,47
48,48,48,48,48,48,48,48,6/29/2004 7:02 PM,48
49,49,49,49,49,49,49,49,11/18/2010 8:36 PM,49
50,50,50,50,50,50,50,50,9/18/2018 8:20 PM,50
51,51,51,51,51,51,51,51,4/23/2017 1:08 AM,51
52,52,52,52,52,52,52,52,8/23/2011 4:13 PM,52
53,53,53,53,53,53,53,53,9/7/2005 4:24 AM,53
54,54,54,54,54,54,54,54,11/5/2012 7:29 PM,54
55,55,55,55,55,55,55,55,3/11/2016 1:44 PM,55
56,56,56,56,56,56,56,56,12/12/2018 9:58 PM,56
57,57,57,57,57,57,57,57,3/17/2006 1:37 PM,57
58,58,58,58,58,58,58,58,7/30/2014 4:20 AM,58
59,59,59,59,59,59,59,59,7/19/2012 10:32 PM,59
60,60,60,60,60,60,60,60,10/6/2019 9:51 AM,60
61,61,61,61,61,61,61,61,2/15/2012 9:36 AM,61
62,62,62,62,62,62,62,62,3/25/2009 7:52 PM,62
63,63,63,63,63,63,63,63,2/23/2008 12:40 PM,63
64,64,64,64,64,64,64,64,12/13/2002 1:44 PM,64
65,65,65,65,65,65,65,65,12/16/2001 11:18 AM,65
66,66,66,66,66,66,66,66,8/19/2001 12:39 PM,66
67,67,67,67,67,67,67,67,6/29/2017 2:35 PM,67
68,68,68,68,68,68,68,68,5/13/2006 3:09 PM,68
69,69,69,69,69,69,69,69,7/20/2014 3:11 AM,69
70,70,70,70,70,70,70,70,5/7/2006 10:11 PM,70
71,71,71,71,71,71,71,71,4/13/2014 10:16 PM,71
72,72,72,72,72,72,72,72,6/2/2010 12:37 AM,72
73,73,73,73,73,73,73,73,1/22/2005 2:42 PM,73
74,74,74,74,74,74,74,74,6/15/2002 8:32 PM,74
75,75,75,75,75,75,75,75,7/16/2015 12:11 PM,75
76,76,76,76,76,76,76,76,3/12/2005 6:21 AM,76
77,77,77,77,77,77,77,77,9/11/2007 7:36 AM,77
78,78,78,78,78,78,78,78,12/18/2007 6:35 AM,78
79,79,79,79,79,79,79,79,4/8/2006 7:18 PM,79
80,80,80,80,80,80,80,80,12/24/2005 11:34 AM,80
81,81,81,81,81,81,81,81,11/6/2020 1:22 PM,81
82,82,82,82,82,82,82,82,5/24/2020 4:13 PM,82
83,83,83,83,83,83,83,83,5/8/2012 4:44 AM,83
84,84,84,84,84,84,84,84,2/2/2016 9:12 AM,84
85,85,85,85,85,85,85,85,10/17/2012 1:47 PM,85
86,86,86,86,86,86,86,86,8/4/2008 2:38 PM,86
87,87,87,87,87,87,87,87,11/4/2000 1:08 PM,87
88,88,88,88,88,88,88,88,3/22/2012 10:42 AM,88
89,89,89,89,89,89,89,89,10/16/2019 8:47 AM,89
90,90,90,90,90,90,90,90,8/9/2018 4:42 PM,90
91,91,91,91,91,91,91,91,5/29/2002 6:24 PM,91
92,92,92,92,92,92,92,92,10/29/2010 7:21 PM,92
93,93,93,93,93,93,93,93,8/23/2013 8:29 PM,93
94,94,94,94,94,94,94,94,6/20/2014 9:23 AM,94
95,95,95,95,95,95,95,95,4/15/2019 9:36 AM,95
96,96,96,96,96,96,96,96,9/9/2011 10:12 PM,96
97,97,97,97,97,97,97,97,5/22/2009 11:48 AM,97
98,98,98,98,98,98,98,98,4/19/2012 12:31 PM,98
99,99,99,99,99,99,99,99,1/14/2018 3:02 AM,99
100,100,100,100,100,100,100,100,7/7/2004 10:27 AM,100
101,101,101,101,101,101,101,101,7/30/2004 5:35 AM,101
102,102,102,102,102,102,102,102,9/8/2019 12:32 AM,102
103,103,103,103,103,103,103,103,10/22/2020 10:44 AM,103
104,104,104,104,104,104,104,104,9/4/2001 7:06 AM,104
105,105,105,105,105,105,105,105,7/5/2012 6:44 AM,105
106,106,106,106,106,106,106,106,2/29/2000 10:18 PM,106
107,107,107,107,107,107,107,107,8/2/2007 1:49 PM,107
108,108,108,108,108,108,108,108,3/12/2008 6:08 PM,108
109,109,109,109,109,109,109,109,8/20/2019 9:10 AM,109
110,110,110,110,110,110,110,110,7/22/2007 12:12 PM,110
111,111,111,111,111,111,111,111,11/14/2019 7:22 AM,111
112,112,112,112,112,112,112,112,1/15/2016 12:49 AM,112
113,113,113,113,113,113,113,113,11/27/2000 8:58 PM,113
114,114,114,114,114,114,114,114,5/28/2014 10:11 AM,114
115,115,115,115,115,115,115,115,5/9/2019 11:19 AM,115
116,116,116,116,116,116,116,116,11/18/2003 12:07 AM,116
117,117,117,117,117,117,117,117,3/4/2006 6:32 AM,117
118,118,118,118,118,118,118,118,4/17/2003 6:46 PM,118
119,119,119,119,119,119,119,119,1/12/2001 7:03 AM,119
120,120,120,120,120,120,120,120,6/16/2012 3:21 AM,120
121,121,121,121,121,121,121,121,9/13/2015 7:29 AM,121
122,122,122,122,122,122,122,122,11/1/2016 4:46 AM,122
123,123,123,123,123,123,123,123,6/6/2004 9:23 PM,123
124,124,124,124,124,124,124,124,1/18/2004 7:14 PM,124
125,125,125,125,125,125,125,125,12/2/2003 4:50 AM,125
126,126,126,126,126,126,126,126,2/16/2010 3:22 AM,126
127,127,127,127,127,127,127,127,4/3/2002 9:53 PM,127
128,128,128,128,128,128,128,128,12/9/2007 11:37 AM,128
129,129,129,129,129,129,129,129,7/2/2002 12:35 AM,129
130,130,130,130,130,130,130,130,7/12/2010 2:23 PM,130
131,131,131,131,131,131,131,131,3/18/2010 1:26 AM,131
132,132,132,132,132,132,132,132,4/2/2008 8:51 PM,132
133,133,133,133,133,133,133,133,12/17/2001 2:30 AM,133
134,134,134,134,134,134,134,134,9/21/2006 8:49 PM,134
135,135,135,135,135,135,135,135,6/27/2019 5:23 AM,135
136,136,136,136,136,136,136,136,1/28/2006 9:06 AM,136
137,137,137,137,137,137,137,137,3/9/2006 2:44 PM,137
138,138,138,138,138,138,138,138,2/27/2005 8:25 AM,138
139,139,139,139,139,139,139,139,10/4/2016 5:58 PM,139
140,140,140,140,140,140,140,140,10/18/2014 3:50 AM,140
141,141,141,141,141,141,141,141,11/21/2000 4:15 PM,141
142,142,142,142,142,142,142,142,10/2/2020 5:25 AM,142
143,143,143,143,143,143,143,143,6/3/2003 12:55 AM,143
144,144,144,144,144,144,144,144,11/15/2004 11:47 AM,144
145,145,145,145,145,145,145,145,9/26/2019 5:54 PM,145
146,146,146,146,146,146,146,146,12/24/2002 3:55 PM,146
147,147,147,147,147,147,147,147,3/31/2014 9:35 PM,147
148,148,148,148,148,148,148,148,3/30/2018 9:51 AM,148
149,149,149,149,149,149,149,149,12/30/2007 4:49 AM,149
150,150,150,150,150,150,150,150,7/15/2003 7:42 PM,150
151,151,151,151,151,151,151,151,4/19/2004 11:01 AM,151
152,152,152,152,152,152,152,152,8/18/2008 4:19 AM,152
153,153,153,153,153,153,153,153,8/24/2019 9:28 PM,153
154,154,154,154,154,154,154,154,10/14/2004 2:03 AM,154
155,155,155,155,155,155,155,155,12/1/2015 12:34 PM,155
156,156,156,156,156,156,156,156,4/4/2013 7:22 PM,156
157,157,157,157,157,157,157,157,12/17/2002 3:51 AM,157
158,158,158,158,158,158,158,158,12/11/2013 5:52 AM,158
159,159,159,159,159,159,159,159,8/14/2000 7:32 PM,159
160,160,160,160,160,160,160,160,12/13/2013 4:18 PM,160
161,161,161,161,161,161,161,161,11/22/2012 7:37 AM,161
162,162,162,162,162,162,162,162,7/9/2019 9:32 PM,162
163,163,163,163,163,163,163,163,8/20/2002 11:48 AM,163
164,164,164,164,164,164,164,164,11/2/2005 3:25 PM,164
165,165,165,165,165,165,165,165,11/28/2002 6:04 AM,165
166,166,166,166,166,166,166,166,5/28/2006 6:37 AM,166
167,167,167,167,167,167,167,167,3/22/2001 9:54 AM,167
168,168,168,168,168,168,168,168,8/9/2011 9:40 AM,168
169,169,169,169,169,169,169,169,5/3/2004 1:25 AM,169
170,170,170,170,170,170,170,170,10/5/2004 10:48 AM,170
171,171,171,171,171,171,171,171,12/23/2012 1:54 PM,171
172,172,172,172,172,172,172,172,7/16/2008 5:47 AM,172
173,173,173,173,173,173,173,173,3/23/2009 4:28 AM,173
174,174,174,174,174,174,174,174,5/10/2013 1:11 AM,174
175,175,175,175,175,175,175,175,3/31/2014 9:51 PM,175
176,176,176,176,176,176,176,176,8/30/2020 4:42 AM,176
177,177,177,177,177,177,177,177,10/31/2016 5:25 PM,177
178,178,178,178,178,178,178,178,1/26/2005 2:06 AM,178
179,179,179,179,179,179,179,179,8/31/2009 7:36 PM,179
180,180,180,180,180,180,180,180,8/17/2007 10:17 AM,180
181,181,181,181,181,181,181,181,4/10/2012 1:54 PM,181
182,182,182,182,182,182,182,182,9/25/2019 6:23 AM,182
183,183,183,183,183,183,183,183,7/6/2018 2:38 AM,183
184,184,184,184,184,184,184,184,2/3/2012 6:13 AM,184
185,185,185,185,185,185,185,185,5/15/2018 5:21 AM,185
186,186,186,186,186,186,186,186,1/11/2017 1:06 PM,186
187,187,187,187,187,187,187,187,11/3/2001 6:54 PM,187
188,188,188,188,188,188,188,188,7/9/2009 11:57 AM,188
189,189,189,189,189,189,189,189,12/17/2012 1:56 AM,189
190,190,190,190,190,190,190,190,7/13/2005 8:44 AM,190
191,191,191,191,191,191,191,191,12/28/2007 6:18 AM,191
192,192,192,192,192,192,192,192,7/11/2009 6:06 PM,192
193,193,193,193,193,193,193,193,2/6/2013 4:48 AM,193
194,194,194,194,194,194,194,194,8/10/2001 3:58 PM,194
195,195,195,195,195,195,195,195,7/23/2009 1:15 PM,195
196,196,196,196,196,196,196,196,8/25/2007 2:39 PM,196
197,197,197,197,197,197,197,197,9/18/2002 9:40 AM,197
198,198,198,198,198,198,198,198,10/18/2006 6:10 PM,198
199,199,199,199,199,199,199,199,12/24/2009 7:14 PM,199
200,200,200,200,200,200,200,200,1/31/2006 10:52 PM,200
201,201,201,201,201,201,201,201,4/22/2014 5:08 PM,201
202,202,202,202,202,202,202,202,10/5/2013 7:09 PM,202
203,203,203,203,203,203,203,203,4/2/2001 10:56 PM,203
204,204,204,204,204,204,204,204,4/30/2002 1:08 PM,204
205,205,205,205,205,205,205,205,2/28/2013 9:00 PM,205
206,206,206,206,206,206,206,206,8/19/2002 1:50 PM,206
207,207,207,207,207,207,207,207,5/20/2000 7:38 AM,207
208,208,208,208,208,208,208,208,1/6/2009 11:40 AM,208
209,209,209,209,209,209,209,209,7/9/2014 10:27 PM,209
210,210,210,210,210,210,210,210,11/10/2009 9:43 AM,210
211,211,211,211,211,211,211,211,5/24/2005 5:27 PM,211
212,212,212,212,212,212,212,212,1/5/2018 11:23 AM,212
213,213,213,213,213,213,213,213,12/27/2014 11:52 AM,213
214,214,214,214,214,214,214,214,12/20/2019 7:08 PM,214
215,215,215,215,215,215,215,215,6/8/2018 7:14 AM,215
216,216,216,216,216,216,216,216,7/14/2003 9:30 PM,216
217,217,217,217,217,217,217,217,11/27/2005 10:58 AM,217
218,218,218,218,218,218,218,218,12/17/2002 12:17 PM,218
219,219,219,219,219,219,219,219,9/8/2003 4:46 PM,219
220,220,220,220,220,220,220,220,10/5/2002 11:55 AM,220
221,221,221,221,221,221,221,221,5/27/2019 6:29 PM,221
222,222,222,222,222,222,222,222,8/23/2012 7:31 AM,222
223,223,223,223,223,223,223,223,6/17/2017 8:43 AM,223
224,224,224,224,224,224,224,224,4/26/2003 9:07 AM,224
225,225,225,225,225,225,225,225,10/15/2004 8:04 PM,225
226,226,226,226,226,226,226,226,5/12/2010 6:43 AM,226
227,227,227,227,227,227,227,227,2/9/2004 3:11 PM,227
228,228,228,228,228,228,228,228,3/20/2001 5:56 PM,228
229,229,229,229,229,229,229,229,4/30/2008 4:24 PM,229
230,230,230,230,230,230,230,230,3/24/2009 1:57 PM,230
231,231,231,231,231,231,231,231,8/25/2019 3:17 AM,231
232,232,232,232,232,232,232,232,4/24/2016 3:03 AM,232
233,233,233,233,233,233,233,233,3/19/2012 10:09 AM,233
234,234,234,234,234,234,234,234,2/12/2009 12:02 PM,234
235,235,235,235,235,235,235,235,2/23/2001 6:44 AM,235
236,236,236,236,236,236,236,236,6/17/2002 6:46 AM,236
237,237,237,237,237,237,237,237,8/10/2008 8:43 AM,237
238,238,238,238,238,238,238,238,11/5/2020 5:51 PM,238
239,239,239,239,239,239,239,239,3/20/2019 2:26 AM,239
240,240,240,240,240,240,240,240,6/3/2020 10:24 PM,240
241,241,241,241,241,241,241,241,6/17/2012 9:38 AM,241
242,242,242,242,242,242,242,242,10/13/2012 4:55 PM,242
243,243,243,243,243,243,243,243,3/9/2014 5:19 PM,243
244,244,244,244,244,244,244,244,1/27/2017 12:50 AM,244
245,245,245,245,245,245,245,245,3/26/2007 5:21 AM,245
246,246,246,246,246,246,246,246,1/10/2009 2:45 PM,246
247,247,247,247,247,247,247,247,4/29/2012 11:19 AM,247
248,248,248,248,248,248,248,248,3/15/2002 3:40 PM,248
249,249,249,249,249,249,249,249,8/2/2018 4:20 PM,249
250,250,250,250,250,250,250,250,4/30/2013 4:26 AM,250
251,251,251,251,251,251,251,251,12/23/2008 8:45 PM,251
252,252,252,252,252,252,252,252,10/30/2008 5:49 PM,252
253,253,253,253,253,253,253,253,4/25/2005 6:00 PM,253
254,254,254,254,254,254,254,254,8/3/2012 12:35 AM,254
255,255,255,255,255,255,255,255,8/18/2013 6:00 PM,255
256,256,256,256,256,256,256,256,2/18/2008 1:43 PM,256
257,257,257,257,257,257,257,257,5/17/2001 5:14 AM,257
258,258,258,258,258,258,258,258,2/7/2014 3:00 AM,258
259,259,259,259,259,259,259,259,1/4/2016 3:58 PM,259
260,260,260,260,260,260,260,260,11/27/2017 12:24 PM,260
261,261,261,261,261,261,261,261,7/7/2013 9:04 AM,261
262,262,262,262,262,262,262,262,1/4/2014 9:29 PM,262
263,263,263,263,263,263,263,263,4/23/2002 8:02 AM,263
264,264,264,264,264,264,264,264,3/1/2004 7:18 AM,264
265,265,265,265,265,265,265,265,2/17/2003 5:10 PM,265
266,266,266,266,266,266,266,266,4/3/2010 5:13 PM,266
267,267,267,267,267,267,267,267,8/11/2016 7:58 PM,267
268,268,268,268,268,268,268,268,5/28/2000 1:07 AM,268
269,269,269,269,269,269,269,269,7/12/2008 3:27 AM,269
270,270,270,270,270,270,270,270,1/19/2011 10:19 AM,270
271,271,271,271,271,271,271,271,7/4/2015 8:58 AM,271
272,272,272,272,272,272,272,272,6/27/2002 4:55 AM,272
273,273,273,273,273,273,273,273,5/30/2007 3:23 AM,273
274,274,274,274,274,274,274,274,3/12/2007 5:21 AM,274
275,275,275,275,275,275,275,275,5/22/2004 10:29 PM,275
276,276,276,276,276,276,276,276,9/8/2019 12:51 PM,276
277,277,277,277,277,277,277,277,5/4/2005 9:24 PM,277
278,278,278,278,278,278,278,278,2/9/2018 8:17 AM,278
279,279,279,279,279,279,279,279,3/11/2009 1:26 AM,279
280,280,280,280,280,280,280,280,9/25/2015 9:57 PM,280
281,281,281,281,281,281,281,281,4/8/2019 12:34 PM,281
282,282,282,282,282,282,282,282,11/20/2013 12:46 AM,282
283,283,283,283,283,283,283,283,7/29/2016 1:44 PM,283
284,284,284,284,284,284,284,284,5/31/2019 12:11 PM,284
285,285,285,285,285,285,285,285,5/17/2010 9:02 PM,285
286,286,286,286,286,286,286,286,5/21/2016 8:33 PM,286
287,287,287,287,287,287,287,287,2/7/2018 3:38 PM,287
288,288,288,288,288,288,288,288,3/26/2016 5:08 AM,288
289,289,289,289,289,289,289,289,2/12/2000 8:52 PM,289
290,290,290,290,290,290,290,290,3/22/2020 12:22 AM,290
291,291,291,291,291,291,291,291,10/10/2002 5:15 AM,291
292,292,292,292,292,292,292,292,8/1/2012 5:46 PM,292
293,293,293,293,293,293,293,293,10/16/2017 5:37 AM,293
294,294,294,294,294,294,294,294,4/28/2018 5:48 PM,294
295,295,295,295,295,295,295,295,11/29/2020 1:58 PM,295
296,296,296,296,296,296,296,296,12/14/2007 11:24 AM,296
297,297,297,297,297,297,297,297,10/17/2008 10:31 AM,297
298,298,298,298,298,298,298,298,6/3/2013 6:13 PM,298
299,299,299,299,299,299,299,299,7/30/2011 6:04 PM,299
300,300,300,300,300,300,300,300,6/19/2013 6:23 AM,300
301,301,301,301,301,301,301,301,9/19/2018 4:26 PM,301
302,302,302,302,302,302,302,302,7/24/2012 7:24 AM,302
303,303,303,303,303,303,303,303,11/1/2001 7:22 PM,303
304,304,304,304,304,304,304,304,4/16/2000 9:49 AM,304
305,305,305,305,305,305,305,305,2/1/2017 3:51 PM,305
306,306,306,306,306,306,306,306,5/7/2004 5:16 PM,306
307,307,307,307,307,307,307,307,10/1/2000 3:15 AM,307
308,308,308,308,308,308,308,308,8/21/2014 5:22 AM,308
309,309,309,309,309,309,309,309,9/23/2003 8:05 PM,309
310,310,310,310,310,310,310,310,9/30/2000 8:56 PM,310
311,311,311,311,311,311,311,311,12/16/2000 7:55 AM,311
312,312,312,312,312,312,312,312,2/3/2009 7:27 PM,312
313,313,313,313,313,313,313,313,5/12/2020 9:43 AM,313
314,314,314,314,314,314,314,314,3/4/2008 5:53 AM,314
315,315,315,315,315,315,315,315,8/18/2009 9:28 AM,315
316,316,316,316,316,316,316,316,9/2/2001 8:31 AM,316
317,317,317,317,317,317,317,317,1/16/2010 2:12 PM,317
318,318,318,318,318,318,318,318,8/8/2006 4:36 AM,318
319,319,319,319,319,319,319,319,5/11/2015 6:05 PM,319
320,320,320,320,320,320,320,320,5/2/2017 11:35 AM,320
321,321,321,321,321,321,321,321,12/25/2013 2:04 AM,321
322,322,322,322,322,322,322,322,10/30/2010 9:20 AM,322
323,323,323,323,323,323,323,323,3/27/2020 10:10 PM,323
324,324,324,324,324,324,324,324,7/12/2008 11:00 AM,324
325,325,325,325,325,325,325,325,3/3/2016 2:17 AM,325
326,326,326,326,326,326,326,326,2/23/2013 7:49 AM,326
327,327,327,327,327,327,327,327,12/3/2016 6:12 PM,327
328,328,328,328,328,328,328,328,5/31/2003 12:17 AM,328
329,329,329,329,329,329,329,329,12/17/2016 6:46 AM,329
330,330,330,330,330,330,330,330,9/13/2005 5:18 AM,330
331,331,331,331,331,331,331,331,4/29/2006 6:10 AM,331
332,332,332,332,332,332,332,332,4/15/2000 10:30 PM,332
333,333,333,333,333,333,333,333,7/9/2016 9:07 AM,333
334,334,334,334,334,334,334,334,12/13/2003 6:33 PM,334
335,335,335,335,335,335,335,335,9/30/2005 7:27 AM,335
336,336,336,336,336,336,336,336,6/20/2004 5:44 PM,336
337,337,337,337,337,337,337,337,9/7/2013 4:47 AM,337
338,338,338,338,338,338,338,338,12/1/2014 12:24 AM,338
339,339,339,339,339,339,339,339,8/22/2016 5:28 AM,339
340,340,340,340,340,340,340,340,7/3/2003 10:44 AM,340
341,341,341,341,341,341,341,341,3/5/2006 10:47 PM,341
342,342,342,342,342,342,342,342,5/30/2018 1:46 PM,342
343,343,343,343,343,343,343,343,11/18/2014 10:41 AM,343
344,344,344,344,344,344,344,344,6/30/2016 1:49 PM,344
345,345,345,345,345,345,345,345,3/3/2011 4:41 AM,345
346,346,346,346,346,346,346,346,9/11/2003 9:30 AM,346
347,347,347,347,347,347,347,347,9/11/2020 2:54 PM,347
348,348,348,348,348,348,348,348,10/22/2006 5:09 AM,348
349,349,349,349,349,349,349,349,6/22/2011 2:24 PM,349
350,350,350,350,350,350,350,350,8/3/2019 10:04 PM,350
351,351,351,351,351,351,351,351,2/9/2009 6:24 PM,351
352,352,352,352,352,352,352,352,12/31/2006 10:42 AM,352
353,353,353,353,353,353,353,353,8/30/2008 9:47 PM,353
354,354,354,354,354,354,354,354,2/11/2016 10:37 PM,354
355,355,355,355,355,355,355,355,9/18/2009 1:45 AM,355
356,356,356,356,356,356,356,356,8/29/2013 7:39 PM,356
357,357,357,357,357,357,357,357,2/21/2006 8:24 PM,357
358,358,358,358,358,358,358,358,3/2/2004 1:36 PM,358
359,359,359,359,359,359,359,359,9/27/2002 2:21 PM,359
360,360,360,360,360,360,360,360,7/1/2020 6:25 AM,360
361,361,361,361,361,361,361,361,6/23/2018 4:30 PM,361
362,362,362,362,362,362,362,362,11/30/2008 4:01 AM,362
363,363,363,363,363,363,363,363,2/10/2000 11:45 AM,363
364,364,364,364,364,364,364,364,11/10/2004 6:24 PM,364
365,365,365,365,365,365,365,365,12/8/2002 9:56 PM,365
366,366,366,366,366,366,366,366,10/24/2000 1:58 PM,366
367,367,367,367,367,367,367,367,6/14/2006 6:48 AM,367
368,368,368,368,368,368,368,368,7/25/2012 6:54 AM,368
369,369,369,369,369,369,369,369,1/31/2013 5:22 AM,369
370,370,370,370,370,370,370,370,9/11/2006 6:03 AM,370
371,371,371,371,371,371,371,371,2/18/2018 7:07 PM,371
372,372,372,372,372,372,372,372,8/4/2017 4:17 PM,372
373,373,373,373,373,373,373,373,5/14/2004 5:13 PM,373
374,374,374,374,374,374,374,374,4/20/2006 10:29 PM,374
375,375,375,375,375,375,375,375,9/2/2015 4:05 PM,375
376,376,376,376,376,376,376,376,12/14/2007 8:58 PM,376
377,377,377,377,377,377,377,377,4/1/2012 12:15 PM,377
378,378,378,378,378,378,378,378,11/16/2008 11:16 AM,378
379,379,379,379,379,379,379,379,5/28/2018 8:33 PM,379
380,380,380,380,380,380,380,380,6/13/2009 6:57 AM,380
381,381,381,381,381,381,381,381,3/26/2020 11:54 AM,381
382,382,382,382,382,382,382,382,3/18/2001 8:53 PM,382
383,383,383,383,383,383,383,383,5/9/2015 2:09 AM,383
384,384,384,384,384,384,384,384,12/17/2003 8:41 PM,384
385,385,385,385,385,385,385,385,8/28/2017 9:06 AM,385
386,386,386,386,386,386,386,386,11/17/2009 6:52 AM,386
387,387,387,387,387,387,387,387,5/26/2010 8:09 AM,387
388,388,388,388,388,388,388,388,9/4/2008 6:49 AM,388
389,389,389,389,389,389,389,389,9/2/2015 11:11 AM,389
390,390,390,390,390,390,390,390,1/12/2020 3:39 AM,390
391,391,391,391,391,391,391,391,11/23/2013 2:15 PM,391
392,392,392,392,392,392,392,392,2/19/2007 3:39 PM,392
393,393,393,393,393,393,393,393,7/5/2003 1:21 PM,393
394,394,394,394,394,394,394,394,12/22/2003 3:06 PM,394
395,395,395,395,395,395,395,395,9/28/2012 5:19 AM,395
396,396,396,396,396,396,396,396,10/23/2014 10:13 AM,396
397,397,397,397,397,397,397,397,2/12/2005 4:50 PM,397
398,398,398,398,398,398,398,398,10/29/2014 7:01 PM,398
399,399,399,399,399,399,399,399,7/18/2015 9:36 AM,399
400,400,400,400,400,400,400,400,9/15/2000 12:21 PM,400
401,401,401,401,401,401,401,401,5/1/2014 4:15 AM,401
402,402,402,402,402,402,402,402,4/11/2019 6:15 PM,402
403,403,403,403,403,403,403,403,8/3/2008 12:15 PM,403
404,404,404,404,404,404,404,404,2/23/2017 10:00 PM,404
405,405,405,405,405,405,405,405,4/20/2008 6:05 PM,405
406,406,406,406,406,406,406,406,12/29/2016 10:16 PM,406
407,407,407,407,407,407,407,407,12/25/2011 3:17 PM,407
408,408,408,408,408,408,408,408,8/12/2001 5:37 AM,408
409,409,409,409,409,409,409,409,2/27/2018 11:00 AM,409
410,410,410,410,410,410,410,410,6/26/2004 9:30 AM,410
411,411,411,411,411,411,411,411,6/2/2009 6:15 PM,411
412,412,412,412,412,412,412,412,11/10/2011 6:51 AM,412
413,413,413,413,413,413,413,413,3/16/2008 9:26 AM,413
414,414,414,414,414,414,414,414,11/4/2009 4:00 PM,414
415,415,415,415,415,415,415,415,1/15/2019 9:14 PM,415
416,416,416,416,416,416,416,416,7/23/2010 10:57 AM,416
417,417,417,417,417,417,417,417,8/11/2018 4:50 AM,417
418,418,418,418,418,418,418,418,12/19/2019 11:57 AM,418
419,419,419,419,419,419,419,419,3/3/2006 2:10 PM,419
420,420,420,420,420,420,420,420,4/23/2015 2:45 AM,420
421,421,421,421,421,421,421,421,10/26/2016 12:23 PM,421
422,422,422,422,422,422,422,422,9/8/2016 9:34 AM,422
423,423,423,423,423,423,423,423,3/14/2010 7:36 AM,423
424,424,424,424,424,424,424,424,3/21/2003 6:55 AM,424
425,425,425,425,425,425,425,425,1/1/2017 2:17 AM,425
426,426,426,426,426,426,426,426,1/8/2009 12:48 PM,426
427,427,427,427,427,427,427,427,4/21/2009 10:54 AM,427
428,428,428,428,428,428,428,428,8/9/2011 10:56 PM,428
429,429,429,429,429,429,429,429,4/1/2003 10:26 PM,429
430,430,430,430,430,430,430,430,5/17/2001 7:21 AM,430
431,431,431,431,431,431,431,431,5/18/2013 4:48 PM,431
432,432,432,432,432,432,432,432,2/5/2018 3:49 PM,432
433,433,433,433,433,433,433,433,11/20/2014 4:12 AM,433
434,434,434,434,434,434,434,434,7/12/2016 9:50 AM,434
435,435,435,435,435,435,435,435,9/12/2014 11:12 AM,435
436,436,436,436,436,436,436,436,6/18/2010 5:34 PM,436
437,437,437,437,437,437,437,437,9/27/2007 6:07 PM,437
438,438,438,438,438,438,438,438,6/26/2017 9:54 PM,438
439,439,439,439,439,439,439,439,8/4/2015 6:41 PM,439
440,440,440,440,440,440,440,440,3/19/2015 4:02 AM,440
441,441,441,441,441,441,441,441,12/13/2012 8:06 PM,441
442,442,442,442,442,442,442,442,8/20/2016 7:01 AM,442
443,443,443,443,443,443,443,443,6/18/2002 4:16 AM,443
444,444,444,444,444,444,444,444,6/3/2002 12:57 AM,444
445,445,445,445,445,445,445,445,1/6/2003 7:15 AM,445
446,446,446,446,446,446,446,446,7/4/2011 3:10 PM,446
447,447,447,447,447,447,447,447,10/30/2005 4:51 PM,447
448,448,448,448,448,448,448,448,10/23/2014 3:30 AM,448
449,449,449,449,449,449,449,449,3/22/2009 10:42 AM,449
450,450,450,450,450,450,450,450,7/1/2013 5:40 AM,450
451,451,451,451,451,451,451,451,11/2/2015 9:04 AM,451
452,452,452,452,452,452,452,452,2/21/2014 7:21 AM,452
453,453,453,453,453,453,453,453,11/18/2017 7:33 PM,453
454,454,454,454,454,454,454,454,7/3/2019 10:12 PM,454
455,455,455,455,455,455,455,455,2/4/2015 8:04 AM,455
456,456,456,456,456,456,456,456,6/2/2009 1:01 AM,456
457,457,457,457,457,457,457,457,1/18/2014 5:08 PM,457
458,458,458,458,458,458,458,458,5/7/2006 8:14 AM,458
459,459,459,459,459,459,459,459,7/15/2013 5:18 AM,459
460,460,460,460,460,460,460,460,4/1/2012 12:04 PM,460
461,461,461,461,461,461,461,461,4/5/2007 3:06 AM,461
462,462,462,462,462,462,462,462,2/25/2012 3:34 AM,462
463,463,463,463,463,463,463,463,1/24/2005 5:51 PM,463
464,464,464,464,464,464,464,464,12/10/2002 2:34 PM,464
465,465,465,465,465,465,465,465,9/24/2007 2:57 AM,465
466,466,466,466,466,466,466,466,4/8/2004 4:24 PM,466
467,467,467,467,467,467,467,467,4/14/2012 2:43 PM,467
468,468,468,468,468,468,468,468,9/13/2013 1:22 AM,468
469,469,469,469,469,469,469,469,9/15/2005 3:43 AM,469
470,470,470,470,470,470,470,470,1/19/2020 3:23 AM,470
471,471,471,471,471,471,471,471,12/14/2003 3:24 PM,471
472,472,472,472,472,472,472,472,5/18/2010 9:46 PM,472
473,473,473,473,473,473,473,473,3/5/2013 2:46 PM,473
474,474,474,474,474,474,474,474,11/11/2011 3:43 AM,474
475,475,475,475,475,475,475,475,6/6/2015 2:17 PM,475
476,476,476,476,476,476,476,476,3/28/2008 7:47 PM,476
477,477,477,477,477,477,477,477,11/3/2007 3:01 PM,477
478,478,478,478,478,478,478,478,6/29/2018 6:43 AM,478
479,479,479,479,479,479,479,479,8/26/2014 9:42 AM,479
480,480,480,480,480,480,480,480,12/13/2005 8:58 PM,480
481,481,481,481,481,481,481,481,12/6/2017 4:04 PM,481
482,482,482,482,482,482,482,482,10/7/2005 8:36 PM,482
483,483,483,483,483,483,483,483,7/5/2008 2:32 AM,483
484,484,484,484,484,484,484,484,10/27/2017 10:08 AM,484
485,485,485,485,485,485,485,485,11/16/2017 5:10 AM,485
486,486,486,486,486,486,486,486,5/25/2019 6:08 PM,486
487,487,487,487,487,487,487,487,10/17/2018 12:46 PM,487
488,488,488,488,488,488,488,488,6/17/2009 4:21 AM,488
489,489,489,489,489,489,489,489,5/26/2013 3:04 PM,489
490,490,490,490,490,490,490,490,5/11/2016 6:53 PM,490
491,491,491,491,491,491,491,491,8/1/2001 9:34 PM,491
492,492,492,492,492,492,492,492,6/26/2015 9:21 AM,492
493,493,493,493,493,493,493,493,1/20/2006 9:40 AM,493
494,494,494,494,494,494,494,494,7/18/2014 4:42 AM,494
495,495,495,495,495,495,495,495,9/14/2011 5:07 PM,495
496,496,496,496,496,496,496,496,1/5/2002 11:38 AM,496
497,497,497,497,497,497,497,497,5/6/2015 3:40 PM,497
498,498,498,498,498,498,498,498,9/10/2007 10:31 AM,498
499,499,499,499,499,499,499,499,11/14/2006 3:42 PM,499
500,500,500,500,500,500,500,500,12/31/2003 8:35 AM,500
501,501,501,501,501,501,501,501,12/9/2003 12:49 PM,501
502,502,502,502,502,502,502,502,10/23/2010 7:10 AM,502
503,503,503,503,503,503,503,503,8/30/2019 12:07 AM,503
504,504,504,504,504,504,504,504,10/12/2013 4:23 AM,504
505,505,505,505,505,505,505,505,8/21/2005 8:03 AM,505
506,506,506,506,506,506,506,506,10/19/2014 3:51 AM,506
507,507,507,507,507,507,507,507,11/17/2017 2:42 PM,507
508,508,508,508,508,508,508,508,7/3/2009 4:52 PM,508
509,509,509,509,509,509,509,509,4/1/2003 2:31 PM,509
510,510,510,510,510,510,510,510,5/6/2013 1:40 PM,510
511,511,511,511,511,511,511,511,10/13/2010 5:15 AM,511
512,512,512,512,512,512,512,512,12/4/2006 11:24 AM,512
513,513,513,513,513,513,513,513,3/13/2006 3:43 AM,513
514,514,514,514,514,514,514,514,2/20/2006 12:46 PM,514
515,515,515,515,515,515,515,515,11/5/2013 12:11 AM,515
516,516,516,516,516,516,516,516,5/8/2012 3:00 AM,516
517,517,517,517,517,517,517,517,8/28/2002 9:51 PM,517
518,518,518,518,518,518,518,518,11/16/2013 7:56 PM,518
519,519,519,519,519,519,519,519,6/19/2014 2:31 PM,519
520,520,520,520,520,520,520,520,2/10/2019 12:29 PM,520
521,521,521,521,521,521,521,521,4/8/2004 1:42 PM,521
522,522,522,522,522,522,522,522,3/7/2020 1:53 AM,522
523,523,523,523,523,523,523,523,6/21/2017 11:52 AM,523
524,524,524,524,524,524,524,524,3/8/2008 6:49 PM,524
525,525,525,525,525,525,525,525,10/14/2004 12:13 AM,525
526,526,526,526,526,526,526,526,3/8/2013 8:27 AM,526
527,527,527,527,527,527,527,527,10/8/2003 1:06 AM,527
528,528,528,528,528,528,528,528,2/2/2000 7:06 AM,528
529,529,529,529,529,529,529,529,9/17/2010 7:41 PM,529
530,530,530,530,530,530,530,530,6/14/2009 3:15 PM,530
531,531,531,531,531,531,531,531,3/8/2000 6:11 AM,531
532,532,532,532,532,532,532,532,10/13/2019 7:16 AM,532
533,533,533,533,533,533,533,533,10/9/2016 4:14 AM,533
534,534,534,534,534,534,534,534,2/9/2006 2:42 AM,534
535,535,535,535,535,535,535,535,4/13/2002 5:08 AM,535
536,536,536,536,536,536,536,536,1/21/2020 5:35 AM,536
537,537,537,537,537,537,537,537,7/30/2008 5:06 PM,537
538,538,538,538,538,538,538,538,11/11/2001 6:53 PM,538
539,539,539,539,539,539,539,539,9/22/2015 4:23 AM,539
540,540,540,540,540,540,540,540,10/23/2003 7:30 AM,540
541,541,541,541,541,541,541,541,3/28/2016 4:50 AM,541
542,542,542,542,542,542,542,542,6/30/2001 4:49 AM,542
543,543,543,543,543,543,543,543,11/19/2002 8:53 PM,543
544,544,544,544,544,544,544,544,5/29/2011 8:05 AM,544
545,545,545,545,545,545,545,545,9/1/2013 3:43 PM,545
546,546,546,546,546,546,546,546,7/11/2004 5:48 PM,546
547,547,547,547,547,547,547,547,12/22/2005 4:08 PM,547
548,548,548,548,548,548,548,548,5/29/2014 8:37 AM,548
549,549,549,549,549,549,549,549,6/26/2015 6:07 AM,549
550,550,550,550,550,550,550,550,5/4/2008 6:26 PM,550
551,551,551,551,551,551,551,551,12/7/2018 3:23 PM,551
552,552,552,552,552,552,552,552,5/16/2019 4:58 PM,552
553,553,553,553,553,553,553,553,10/17/2001 2:42 PM,553
554,554,554,554,554,554,554,554,2/23/2012 7:37 AM,554
555,555,555,555,555,555,555,555,5/2/2008 8:31 PM,555
556,556,556,556,556,556,556,556,7/1/2001 4:43 PM,556
557,557,557,557,557,557,557,557,10/16/2004 2:27 AM,557
558,558,558,558,558,558,558,558,1/22/2005 7:20 AM,558
559,559,559,559,559,559,559,559,11/5/2004 12:17 PM,559
560,560,560,560,560,560,560,560,4/26/2007 1:02 PM,560
561,561,561,561,561,561,561,561,9/10/2014 5:01 PM,561
562,562,562,562,562,562,562,562,4/21/2013 3:12 AM,562
563,563,563,563,563,563,563,563,9/8/2013 2:20 AM,563
564,564,564,564,564,564,564,564,5/22/2005 1:07 AM,564
565,565,565,565,565,565,565,565,1/17/2020 2:58 PM,565
566,566,566,566,566,566,566,566,1/24/2005 5:08 PM,566
567,567,567,567,567,567,567,567,2/4/2006 7:16 PM,567
568,568,568,568,568,568,568,568,8/25/2000 2:39 AM,568
569,569,569,569,569,569,569,569,5/3/2017 9:39 PM,569
570,570,570,570,570,570,570,570,10/7/2014 3:08 PM,570
571,571,571,571,571,571,571,571,12/8/2018 12:35 AM,571
572,572,572,572,572,572,572,572,11/22/2020 7:35 PM,572
573,573,573,573,573,573,573,573,9/1/2008 2:33 AM,573
574,574,574,574,574,574,574,574,10/13/2012 5:20 AM,574
575,575,575,575,575,575,575,575,10/31/2012 6:44 AM,575
576,576,576,576,576,576,576,576,2/19/2018 3:23 AM,576
577,577,577,577,577,577,577,577,10/18/2008 12:40 PM,577
578,578,578,578,578,578,578,578,7/20/2008 6:27 PM,578
579,579,579,579,579,579,579,579,8/1/2009 8:53 PM,579
580,580,580,580,580,580,580,580,12/4/2002 10:43 PM,580
581,581,581,581,581,581,581,581,2/19/2005 2:36 AM,581
582,582,582,582,582,582,582,582,5/4/2011 9:11 PM,582
583,583,583,583,583,583,583,583,9/2/2012 4:41 PM,583
584,584,584,584,584,584,584,584,9/3/2019 8:13 AM,584
585,585,585,585,585,585,585,585,7/18/2013 1:42 AM,585
586,586,586,586,586,586,586,586,1/14/2003 6:44 AM,586
587,587,587,587,587,587,587,587,8/13/2013 6:16 AM,587
588,588,588,588,588,588,588,588,11/5/2006 3:48 AM,588
589,589,589,589,589,589,589,589,6/23/2011 6:31 AM,589
590,590,590,590,590,590,590,590,5/15/2011 10:00 AM,590
591,591,591,591,591,591,591,591,7/1/2007 2:41 AM,591
592,592,592,592,592,592,592,592,4/10/2002 1:19 AM,592
593,593,593,593,593,593,593,593,2/13/2014 3:32 AM,593
594,594,594,594,594,594,594,594,10/6/2005 6:18 AM,594
595,595,595,595,595,595,595,595,10/1/2007 12:15 AM,595
596,596,596,596,596,596,596,596,9/29/2013 10:15 AM,596
597,597,597,597,597,597,597,597,7/17/2018 2:51 AM,597
598,598,598,598,598,598,598,598,4/18/2017 10:11 AM,598
599,599,599,599,599,599,599,599,2/11/2001 5:05 AM,599
600,600,600,600,600,600,600,600,5/24/2012 1:29 AM,600
601,601,601,601,601,601,601,601,5/3/2020 4:02 AM,601
602,602,602,602,602,602,602,602,2/23/2012 4:20 PM,602
603,603,603,603,603,603,603,603,8/1/2020 1:22 PM,603
604,604,604,604,604,604,604,604,6/6/2004 5:48 PM,604
605,605,605,605,605,605,605,605,5/28/2017 5:48 AM,605
606,606,606,606,606,606,606,606,10/2/2003 3:15 PM,606
607,607,607,607,607,607,607,607,6/9/2020 8:01 AM,607
608,608,608,608,608,608,608,608,1/31/2004 6:21 AM,608
609,609,609,609,609,609,609,609,1/4/2011 3:15 PM,609
610,610,610,610,610,610,610,610,2/15/2009 2:52 AM,610
611,611,611,611,611,611,611,611,8/20/2015 1:39 PM,611
612,612,612,612,612,612,612,612,12/8/2001 3:56 PM,612
613,613,613,613,613,613,613,613,9/6/2008 4:12 AM,613
614,614,614,614,614,614,614,614,10/19/2004 10:24 AM,614
615,615,615,615,615,615,615,615,5/9/2019 7:10 PM,615
616,616,616,616,616,616,616,616,10/21/2014 7:03 AM,616
617,617,617,617,617,617,617,617,11/14/2004 1:58 AM,617
618,618,618,618,618,618,618,618,3/31/2010 8:26 AM,618
619,619,619,619,619,619,619,619,4/9/2007 3:16 PM,619
620,620,620,620,620,620,620,620,5/28/2000 12:06 AM,620
621,621,621,621,621,621,621,621,11/15/2008 4:36 PM,621
622,622,622,622,622,622,622,622,12/31/2000 10:05 PM,622
623,623,623,623,623,623,623,623,12/17/2004 10:31 PM,623
624,624,624,624,624,624,624,624,6/19/2019 3:26 PM,624
625,625,625,625,625,625,625,625,5/14/2011 9:00 PM,625
626,626,626,626,626,626,626,626,2/12/2014 9:47 AM,626
627,627,627,627,627,627,627,627,12/14/2015 11:00 AM,627
628,628,628,628,628,628,628,628,2/28/2004 7:16 PM,628
629,629,629,629,629,629,629,629,3/2/2015 8:45 PM,629
630,630,630,630,630,630,630,630,4/25/2014 1:39 AM,630
631,631,631,631,631,631,631,631,1/8/2020 9:18 PM,631
632,632,632,632,632,632,632,632,1/20/2017 7:46 PM,632
633,633,633,633,633,633,633,633,9/14/2004 7:01 PM,633
634,634,634,634,634,634,634,634,6/27/2000 1:37 AM,634
635,635,635,635,635,635,635,635,7/12/2019 12:13 PM,635
636,636,636,636,636,636,636,636,9/9/2020 12:50 PM,636
637,637,637,637,637,637,637,637,10/16/2014 2:51 PM,637
638,638,638,638,638,638,638,638,3/27/2019 10:44 AM,638
639,639,639,639,639,639,639,639,8/1/2005 5:04 PM,639
640,640,640,640,640,640,640,640,12/26/2001 6:14 AM,640
641,641,641,641,641,641,641,641,8/26/2014 8:19 AM,641
642,642,642,642,642,642,642,642,4/3/2017 4:51 AM,642
643,643,643,643,643,643,643,643,1/20/2005 5:02 PM,643
644,644,644,644,644,644,644,644,12/2/2017 2:14 AM,644
645,645,645,645,645,645,645,645,11/6/2001 9:47 PM,645
646,646,646,646,646,646,646,646,4/22/2020 4:43 PM,646
647,647,647,647,647,647,647,647,7/7/2001 12:47 PM,647
648,648,648,648,648,648,648,648,9/13/2020 8:54 PM,648
649,649,649,649,649,649,649,649,9/14/2006 7:50 AM,649
650,650,650,650,650,650,650,650,1/27/2004 11:33 AM,650
651,651,651,651,651,651,651,651,2/7/2016 5:48 AM,651
652,652,652,652,652,652,652,652,1/18/2009 2:35 PM,652
653,653,653,653,653,653,653,653,1/4/2011 3:37 PM,653
654,654,654,654,654,654,654,654,3/24/2010 1:55 AM,654
655,655,655,655,655,655,655,655,11/25/2012 1:17 PM,655
656,656,656,656,656,656,656,656,12/17/2007 2:39 PM,656
657,657,657,657,657,657,657,657,6/25/2017 9:47 AM,657
658,658,658,658,658,658,658,658,7/4/2005 1:13 PM,658
659,659,659,659,659,659,659,659,9/24/2007 6:23 AM,659
660,660,660,660,660,660,660,660,3/12/2019 1:19 PM,660
661,661,661,661,661,661,661,661,1/3/2020 3:42 PM,661
662,662,662,662,662,662,662,662,5/2/2005 5:08 PM,662
663,663,663,663,663,663,663,663,7/21/2007 8:01 PM,663
664,664,664,664,664,664,664,664,12/30/2003 6:07 AM,664
665,665,665,665,665,665,665,665,8/31/2011 10:19 AM,665
666,666,666,666,666,666,666,666,6/20/2017 1:52 AM,666
667,667,667,667,667,667,667,667,12/13/2008 12:46 AM,667
668,668,668,668,668,668,668,668,1/3/2014 4:02 AM,668
669,669,669,669,669,669,669,669,6/20/2005 7:17 PM,669
670,670,670,670,670,670,670,670,9/21/2018 7:05 AM,670
671,671,671,671,671,671,671,671,2/6/2005 12:11 PM,671
672,672,672,672,672,672,672,672,5/1/2012 2:24 PM,672
673,673,673,673,673,673,673,673,3/29/2003 5:11 AM,673
674,674,674,674,674,674,674,674,2/23/2005 6:35 AM,674
675,675,675,675,675,675,675,675,4/7/2016 6:53 PM,675
676,676,676,676,676,676,676,676,1/19/2020 9:34 PM,676
677,677,677,677,677,677,677,677,7/21/2017 10:20 PM,677
678,678,678,678,678,678,678,678,10/12/2020 9:14 AM,678
679,679,679,679,679,679,679,679,1/24/2008 5:46 AM,679
680,680,680,680,680,680,680,680,2/22/2018 11:19 AM,680
681,681,681,681,681,681,681,681,3/14/2013 4:02 PM,681
682,682,682,682,682,682,682,682,2/5/2000 1:47 PM,682
683,683,683,683,683,683,683,683,6/3/2005 9:55 AM,683
684,684,684,684,684,684,684,684,12/7/2008 8:07 PM,684
685,685,685,685,685,685,685,685,5/1/2020 12:31 AM,685
686,686,686,686,686,686,686,686,8/12/2005 1:04 AM,686
687,687,687,687,687,687,687,687,11/28/2020 10:03 PM,687
688,688,688,688,688,688,688,688,4/22/2010 7:01 AM,688
689,689,689,689,689,689,689,689,1/16/2010 2:34 AM,689
690,690,690,690,690,690,690,690,12/19/2018 3:09 AM,690
691,691,691,691,691,691,691,691,9/22/2003 8:04 AM,691
692,692,692,692,692,692,692,692,12/24/2009 3:47 AM,692
693,693,693,693,693,693,693,693,8/1/2002 11:18 AM,693
694,694,694,694,694,694,694,694,5/19/2020 4:31 PM,694
695,695,695,695,695,695,695,695,7/16/2013 7:24 AM,695
696,696,696,696,696,696,696,696,6/1/2011 6:28 PM,696
697,697,697,697,697,697,697,697,10/16/2007 3:35 PM,697
698,698,698,698,698,698,698,698,2/13/2006 8:22 PM,698
699,699,699,699,699,699,699,699,1/25/2018 6:25 AM,699
700,700,700,700,700,700,700,700,2/25/2000 11:15 AM,700
701,701,701,701,701,701,701,701,6/24/2003 12:51 PM,701
702,702,702,702,702,702,702,702,2/14/2000 4:17 AM,702
703,703,703,703,703,703,703,703,7/28/2011 12:34 AM,703
704,704,704,704,704,704,704,704,8/6/2015 2:40 AM,704
705,705,705,705,705,705,705,705,8/17/2018 2:12 AM,705
706,706,706,706,706,706,706,706,9/15/2011 10:12 AM,706
707,707,707,707,707,707,707,707,6/3/2002 11:57 AM,707
708,708,708,708,708,708,708,708,10/21/2005 2:32 PM,708
709,709,709,709,709,709,709,709,12/17/2000 1:51 PM,709
710,710,710,710,710,710,710,710,4/5/2019 11:55 AM,710
711,711,711,711,711,711,711,711,12/7/2007 7:45 PM,711
712,712,712,712,712,712,712,712,4/28/2006 6:03 PM,712
713,713,713,713,713,713,713,713,10/20/2012 1:00 AM,713
714,714,714,714,714,714,714,714,9/10/2005 10:16 AM,714
715,715,715,715,715,715,715,715,11/22/2006 2:51 PM,715
716,716,716,716,716,716,716,716,5/21/2004 2:28 PM,716
717,717,717,717,717,717,717,717,2/28/2010 9:32 AM,717
718,718,718,718,718,718,718,718,3/6/2005 3:27 PM,718
719,719,719,719,719,719,719,719,1/19/2004 12:25 AM,719
720,720,720,720,720,720,720,720,5/15/2014 9:55 PM,720
721,721,721,721,721,721,721,721,3/2/2009 5:03 AM,721
722,722,722,722,722,722,722,722,6/9/2013 3:52 PM,722
723,723,723,723,723,723,723,723,6/22/2006 3:39 AM,723
724,724,724,724,724,724,724,724,11/11/2012 9:57 AM,724
725,725,725,725,725,725,725,725,5/10/2007 8:45 PM,725
726,726,726,726,726,726,726,726,11/2/2004 8:29 PM,726
727,727,727,727,727,727,727,727,6/16/2012 1:40 PM,727
728,728,728,728,728,728,728,728,8/16/2000 12:00 PM,728
729,729,729,729,729,729,729,729,10/30/2014 12:03 PM,729
730,730,730,730,730,730,730,730,9/3/2011 6:15 AM,730
731,731,731,731,731,731,731,731,4/26/2011 10:50 PM,731
732,732,732,732,732,732,732,732,6/21/2000 4:46 AM,732
733,733,733,733,733,733,733,733,3/28/2001 3:21 PM,733
734,734,734,734,734,734,734,734,10/3/2003 1:05 AM,734
735,735,735,735,735,735,735,735,6/27/2015 3:36 AM,735
736,736,736,736,736,736,736,736,7/25/2020 2:33 PM,736
737,737,737,737,737,737,737,737,5/10/2003 6:33 AM,737
738,738,738,738,738,738,738,738,9/3/2007 12:11 AM,738
739,739,739,739,739,739,739,739,9/21/2012 10:19 PM,739
740,740,740,740,740,740,740,740,1/6/2001 9:53 AM,740
741,741,741,741,741,741,741,741,2/27/2017 9:10 PM,741
742,742,742,742,742,742,742,742,11/27/2003 4:11 AM,742
743,743,743,743,743,743,743,743,5/2/2009 12:13 PM,743
744,744,744,744,744,744,744,744,5/22/2013 5:49 AM,744
745,745,745,745,745,745,745,745,6/7/2008 2:53 AM,745
746,746,746,746,746,746,746,746,10/7/2012 4:23 PM,746
747,747,747,747,747,747,747,747,9/17/2009 6:12 AM,747
748,748,748,748,748,748,748,748,2/25/2015 7:28 PM,748
749,749,749,749,749,749,749,749,1/17/2005 4:12 AM,749
750,750,750,750,750,750,750,750,10/7/2009 4:33 AM,750
751,751,751,751,751,751,751,751,2/9/2002 9:36 PM,751
752,752,752,752,752,752,752,752,1/15/2016 6:26 PM,752
753,753,753,753,753,753,753,753,7/21/2002 10:51 AM,753
754,754,754,754,754,754,754,754,8/11/2010 3:47 AM,754
755,755,755,755,755,755,755,755,1/17/2011 2:53 AM,755
756,756,756,756,756,756,756,756,10/3/2020 10:54 PM,756
757,757,757,757,757,757,757,757,11/1/2000 9:10 PM,757
758,758,758,758,758,758,758,758,3/9/2000 5:25 PM,758
759,759,759,759,759,759,759,759,1/27/2011 9:36 PM,759
760,760,760,760,760,760,760,760,11/29/2001 12:17 PM,760
761,761,761,761,761,761,761,761,7/10/2017 6:05 PM,761
762,762,762,762,762,762,762,762,3/21/2020 12:47 PM,762
763,763,763,763,763,763,763,763,7/4/2008 2:31 AM,763
764,764,764,764,764,764,764,764,3/19/2006 3:57 PM,764
765,765,765,765,765,765,765,765,10/1/2020 12:47 AM,765
766,766,766,766,766,766,766,766,9/8/2012 12:22 AM,766
767,767,767,767,767,767,767,767,4/4/2000 3:24 PM,767
768,768,768,768,768,768,768,768,5/21/2011 2:00 AM,768
769,769,769,769,769,769,769,769,5/1/2017 5:03 AM,769
770,770,770,770,770,770,770,770,3/30/2018 2:38 PM,770
771,771,771,771,771,771,771,771,2/19/2002 2:01 AM,771
772,772,772,772,772,772,772,772,1/22/2005 1:53 AM,772
773,773,773,773,773,773,773,773,7/20/2020 11:41 AM,773
774,774,774,774,774,774,774,774,11/3/2015 10:04 AM,774
775,775,775,775,775,775,775,775,6/7/2009 5:16 PM,775
776,776,776,776,776,776,776,776,6/2/2002 5:31 AM,776
777,777,777,777,777,777,777,777,1/12/2002 12:30 PM,777
778,778,778,778,778,778,778,778,7/2/2012 6:15 PM,778
779,779,779,779,779,779,779,779,7/13/2007 6:44 AM,779
780,780,780,780,780,780,780,780,10/15/2020 10:06 AM,780
781,781,781,781,781,781,781,781,8/23/2015 12:33 PM,781
782,782,782,782,782,782,782,782,8/25/2008 9:12 PM,782
783,783,783,783,783,783,783,783,1/6/2003 5:42 AM,783
784,784,784,784,784,784,784,784,9/20/2007 7:22 AM,784
785,785,785,785,785,785,785,785,2/21/2012 4:47 PM,785
786,786,786,786,786,786,786,786,10/17/2011 7:15 PM,786
787,787,787,787,787,787,787,787,1/16/2005 8:42 AM,787
788,788,788,788,788,788,788,788,5/27/2014 1:48 PM,788
789,789,789,789,789,789,789,789,7/11/2013 7:33 AM,789
790,790,790,790,790,790,790,790,4/20/2014 11:51 AM,790
791,791,791,791,791,791,791,791,3/22/2007 2:55 AM,791
792,792,792,792,792,792,792,792,10/1/2001 3:57 AM,792
793,793,793,793,793,793,793,793,1/2/2019 8:54 PM,793
794,794,794,794,794,794,794,794,2/16/2014 9:21 AM,794
795,795,795,795,795,795,795,795,1/16/2006 8:47 AM,795
796,796,796,796,796,796,796,796,5/9/2004 5:41 PM,796
797,797,797,797,797,797,797,797,9/18/2008 5:27 PM,797
798,798,798,798,798,798,798,798,4/8/2016 7:09 PM,798
799,799,799,799,799,799,799,799,9/25/2017 2:19 PM,799
800,800,800,800,800,800,800,800,10/1/2018 9:05 PM,800
801,801,801,801,801,801,801,801,9/6/2007 4:32 PM,801
802,802,802,802,802,802,802,802,9/8/2013 12:17 PM,802
803,803,803,803,803,803,803,803,5/16/2020 2:15 PM,803
804,804,804,804,804,804,804,804,2/5/2014 6:56 PM,804
805,805,805,805,805,805,805,805,12/5/2008 8:55 AM,805
806,806,806,806,806,806,806,806,11/15/2013 9:14 PM,806
807,807,807,807,807,807,807,807,7/17/2015 6:24 PM,807
808,808,808,808,808,808,808,808,10/30/2001 9:01 PM,808
809,809,809,809,809,809,809,809,2/17/2006 4:41 PM,809
810,810,810,810,810,810,810,810,3/12/2004 9:54 PM,810
811,811,811,811,811,811,811,811,3/31/2009 5:03 AM,811
812,812,812,812,812,812,812,812,8/30/2011 7:25 PM,812
813,813,813,813,813,813,813,813,2/21/2014 5:00 PM,813
814,814,814,814,814,814,814,814,6/11/2020 5:26 PM,814
815,815,815,815,815,815,815,815,8/7/2009 10:02 AM,815
816,816,816,816,816,816,816,816,1/4/2003 5:07 AM,816
817,817,817,817,817,817,817,817,1/16/2013 8:58 PM,817
818,818,818,818,818,818,818,818,6/17/2002 10:23 AM,818
819,819,819,819,819,819,819,819,5/20/2009 1:53 AM,819
820,820,820,820,820,820,820,820,10/30/2018 2:30 AM,820
821,821,821,821,821,821,821,821,3/9/2008 8:21 AM,821
822,822,822,822,822,822,822,822,4/14/2019 11:23 AM,822
823,823,823,823,823,823,823,823,6/4/2005 6:02 AM,823
824,824,824,824,824,824,824,824,5/4/2018 1:41 AM,824
825,825,825,825,825,825,825,825,5/29/2002 12:30 AM,825
826,826,826,826,826,826,826,826,3/11/2018 10:53 AM,826
827,827,827,827,827,827,827,827,5/23/2007 11:04 AM,827
828,828,828,828,828,828,828,828,12/1/2017 12:30 AM,828
829,829,829,829,829,829,829,829,11/3/2019 3:26 AM,829
830,830,830,830,830,830,830,830,9/5/2018 6:07 PM,830
831,831,831,831,831,831,831,831,5/31/2010 10:42 AM,831
832,832,832,832,832,832,832,832,6/18/2008 3:37 PM,832
833,833,833,833,833,833,833,833,10/2/2007 4:17 PM,833
834,834,834,834,834,834,834,834,7/11/2012 7:00 PM,834
835,835,835,835,835,835,835,835,10/31/2009 3:58 AM,835
836,836,836,836,836,836,836,836,6/18/2008 11:40 AM,836
837,837,837,837,837,837,837,837,2/18/2016 4:46 PM,837
838,838,838,838,838,838,838,838,4/14/2013 9:17 PM,838
839,839,839,839,839,839,839,839,8/10/2018 8:09 AM,839
840,840,840,840,840,840,840,840,6/19/2015 1:48 AM,840
841,841,841,841,841,841,841,841,2/14/2018 4:30 PM,841
842,842,842,842,842,842,842,842,4/10/2015 2:44 PM,842
843,843,843,843,843,843,843,843,5/26/2003 11:17 AM,843
844,844,844,844,844,844,844,844,10/14/2016 4:43 PM,844
845,845,845,845,845,845,845,845,5/12/2016 11:03 AM,845
846,846,846,846,846,846,846,846,6/14/2018 9:43 PM,846
847,847,847,847,847,847,847,847,11/20/2008 10:00 PM,847
848,848,848,848,848,848,848,848,7/27/2014 1:11 PM,848
849,849,849,849,849,849,849,849,9/17/2006 6:32 AM,849
850,850,850,850,850,850,850,850,6/1/2020 12:29 PM,850
851,851,851,851,851,851,851,851,10/17/2019 3:32 PM,851
852,852,852,852,852,852,852,852,11/18/2013 12:30 PM,852
853,853,853,853,853,853,853,853,6/20/2013 3:36 AM,853
854,854,854,854,854,854,854,854,6/1/2000 2:47 AM,854
855,855,855,855,855,855,855,855,7/7/2020 2:42 AM,855
856,856,856,856,856,856,856,856,1/13/2013 12:23 PM,856
857,857,857,857,857,857,857,857,6/12/2006 8:25 PM,857
858,858,858,858,858,858,858,858,12/24/2002 12:01 AM,858
859,859,859,859,859,859,859,859,7/16/2020 9:44 PM,859
860,860,860,860,860,860,860,860,11/3/2007 1:44 PM,860
861,861,861,861,861,861,861,861,7/6/2009 6:34 PM,861
862,862,862,862,862,862,862,862,4/30/2020 9:21 PM,862
863,863,863,863,863,863,863,863,3/31/2010 2:41 PM,863
864,864,864,864,864,864,864,864,3/20/2017 5:30 PM,864
865,865,865,865,865,865,865,865,4/22/2006 10:48 PM,865
866,866,866,866,866,866,866,866,3/29/2002 12:02 AM,866
867,867,867,867,867,867,867,867,2/1/2003 8:16 AM,867
868,868,868,868,868,868,868,868,5/9/2007 2:33 PM,868
869,869,869,869,869,869,869,869,5/14/2007 7:17 PM,869
870,870,870,870,870,870,870,870,10/15/2019 7:35 PM,870
871,871,871,871,871,871,871,871,2/13/2011 5:00 AM,871
872,872,872,872,872,872,872,872,12/7/2006 3:24 AM,872
873,873,873,873,873,873,873,873,2/20/2008 7:52 AM,873
874,874,874,874,874,874,874,874,5/31/2016 10:45 PM,874
875,875,875,875,875,875,875,875,11/24/2015 10:22 PM,875
876,876,876,876,876,876,876,876,12/17/2013 6:50 AM,876
877,877,877,877,877,877,877,877,11/23/2000 7:30 AM,877
878,878,878,878,878,878,878,878,4/23/2009 4:27 PM,878
879,879,879,879,879,879,879,879,2/14/2008 10:13 AM,879
880,880,880,880,880,880,880,880,1/16/2000 11:16 AM,880
881,881,881,881,881,881,881,881,2/10/2020 12:42 AM,881
882,882,882,882,882,882,882,882,4/12/2015 4:34 AM,882
883,883,883,883,883,883,883,883,1/17/2001 7:03 PM,883
884,884,884,884,884,884,884,884,1/23/2010 12:41 AM,884
885,885,885,885,885,885,885,885,8/26/2007 3:28 AM,885
886,886,886,886,886,886,886,886,4/3/2013 9:46 AM,886
887,887,887,887,887,887,887,887,2/18/2018 10:00 AM,887
888,888,888,888,888,888,888,888,11/15/2015 8:25 PM,888
889,889,889,889,889,889,889,889,9/30/2014 8:37 AM,889
890,890,890,890,890,890,890,890,5/30/2011 7:08 PM,890
891,891,891,891,891,891,891,891,7/13/2015 3:55 AM,891
892,892,892,892,892,892,892,892,9/20/2013 11:56 AM,892
893,893,893,893,893,893,893,893,10/19/2015 10:30 PM,893
894,894,894,894,894,894,894,894,8/20/2000 6:21 AM,894
895,895,895,895,895,895,895,895,2/27/2005 12:08 AM,895
896,896,896,896,896,896,896,896,8/4/2003 5:35 AM,896
897,897,897,897,897,897,897,897,11/21/2008 6:15 PM,897
898,898,898,898,898,898,898,898,11/1/2007 1:42 AM,898
899,899,899,899,899,899,899,899,1/22/2000 2:15 PM,899
900,900,900,900,900,900,900,900,2/5/2010 4:01 AM,900
901,901,901,901,901,901,901,901,4/8/2010 2:33 PM,901
902,902,902,902,902,902,902,902,11/15/2007 1:12 PM,902
903,903,903,903,903,903,903,903,6/12/2000 2:22 AM,903
904,904,904,904,904,904,904,904,9/12/2014 7:41 PM,904
905,905,905,905,905,905,905,905,7/29/2011 6:09 PM,905
906,906,906,906,906,906,906,906,1/13/2005 7:00 PM,906
907,907,907,907,907,907,907,907,1/2/2005 10:50 PM,907
908,908,908,908,908,908,908,908,5/20/2000 8:03 PM,908
909,909,909,909,909,909,909,909,4/26/2000 5:46 PM,909
910,910,910,910,910,910,910,910,4/27/2014 6:45 PM,910
911,911,911,911,911,911,911,911,7/27/2012 7:04 PM,911
912,912,912,912,912,912,912,912,5/8/2014 4:48 AM,912
913,913,913,913,913,913,913,913,5/15/2019 5:54 PM,913
914,914,914,914,914,914,914,914,1/13/2001 4:07 AM,914
915,915,915,915,915,915,915,915,9/26/2012 8:32 PM,915
916,916,916,916,916,916,916,916,2/3/2015 6:24 PM,916
917,917,917,917,917,917,917,917,11/9/2000 7:29 AM,917
918,918,918,918,918,918,918,918,6/6/2001 3:47 AM,918
919,919,919,919,919,919,919,919,3/15/2000 7:14 AM,919
920,920,920,920,920,920,920,920,6/8/2016 4:00 PM,920
921,921,921,921,921,921,921,921,10/26/2003 4:28 PM,921
922,922,922,922,922,922,922,922,1/30/2020 8:58 AM,922
923,923,923,923,923,923,923,923,10/19/2013 3:55 AM,923
924,924,924,924,924,924,924,924,3/22/2005 9:07 AM,924
925,925,925,925,925,925,925,925,10/11/2008 9:14 PM,925
926,926,926,926,926,926,926,926,2/19/2015 8:04 PM,926
927,927,927,927,927,927,927,927,5/24/2020 4:40 AM,927
928,928,928,928,928,928,928,928,8/3/2019 4:49 PM,928
929,929,929,929,929,929,929,929,8/3/2018 12:11 PM,929
930,930,930,930,930,930,930,930,8/31/2006 3:10 AM,930
931,931,931,931,931,931,931,931,6/4/2007 3:15 PM,931
932,932,932,932,932,932,932,932,3/7/2004 12:29 AM,932
933,933,933,933,933,933,933,933,11/13/2003 10:58 AM,933
934,934,934,934,934,934,934,934,3/28/2010 3:17 PM,934
935,935,935,935,935,935,935,935,4/27/2013 4:15 PM,935
936,936,936,936,936,936,936,936,1/31/2014 5:53 AM,936
937,937,937,937,937,937,937,937,8/18/2006 1:53 AM,937
938,938,938,938,938,938,938,938,4/29/2004 2:28 AM,938
939,939,939,939,939,939,939,939,12/11/2015 12:58 PM,939
940,940,940,940,940,940,940,940,3/29/2013 3:34 AM,940
941,941,941,941,941,941,941,941,3/25/2014 1:32 AM,941
942,942,942,942,942,942,942,942,2/28/2015 10:23 PM,942
943,943,943,943,943,943,943,943,11/21/2004 8:21 PM,943
944,944,944,944,944,944,944,944,10/6/2018 9:00 AM,944
945,945,945,945,945,945,945,945,10/29/2015 7:34 AM,945
946,946,946,946,946,946,946,946,12/27/2001 5:23 PM,946
947,947,947,947,947,947,947,947,2/23/2020 4:04 PM,947
948,948,948,948,948,948,948,948,1/14/2014 5:38 AM,948
949,949,949,949,949,949,949,949,6/12/2002 6:06 AM,949
950,950,950,950,950,950,950,950,7/27/2014 9:13 AM,950
951,951,951,951,951,951,951,951,1/31/2014 3:28 PM,951
952,952,952,952,952,952,952,952,7/24/2015 7:20 PM,952
953,953,953,953,953,953,953,953,6/14/2011 8:18 PM,953
954,954,954,954,954,954,954,954,1/27/2012 10:51 AM,954
955,955,955,955,955,955,955,955,2/13/2014 11:31 AM,955
956,956,956,956,956,956,956,956,1/27/2019 10:33 AM,956
957,957,957,957,957,957,957,957,4/13/2005 8:29 PM,957
958,958,958,958,958,958,958,958,2/7/2006 9:24 AM,958
959,959,959,959,959,959,959,959,12/15/2001 6:27 AM,959
960,960,960,960,960,960,960,960,3/30/2006 2:19 AM,960
961,961,961,961,961,961,961,961,12/18/2007 4:22 PM,961
962,962,962,962,962,962,962,962,4/6/2019 7:52 AM,962
963,963,963,963,963,963,963,963,10/5/2008 4:54 AM,963
964,964,964,964,964,964,964,964,5/3/2018 5:24 AM,964
965,965,965,965,965,965,965,965,6/12/2002 11:02 AM,965
966,966,966,966,966,966,966,966,7/17/2007 5:04 PM,966
967,967,967,967,967,967,967,967,12/4/2009 10:13 PM,967
968,968,968,968,968,968,968,968,7/28/2020 10:35 AM,968
969,969,969,969,969,969,969,969,5/14/2003 9:35 AM,969
970,970,970,970,970,970,970,970,7/6/2001 5:04 PM,970
971,971,971,971,971,971,971,971,3/30/2000 7:10 PM,971
972,972,972,972,972,972,972,972,4/5/2010 4:27 AM,972
973,973,973,973,973,973,973,973,1/10/2018 5:17 AM,973
974,974,974,974,974,974,974,974,2/17/2001 11:43 AM,974
975,975,975,975,975,975,975,975,5/18/2013 5:18 AM,975
976,976,976,976,976,976,976,976,5/6/2002 1:40 PM,976
977,977,977,977,977,977,977,977,8/5/2012 8:02 AM,977
978,978,978,978,978,978,978,978,1/24/2013 4:08 AM,978
979,979,979,979,979,979,979,979,5/12/2008 3:48 AM,979
980,980,980,980,980,980,980,980,1/2/2012 10:38 PM,980
981,981,981,981,981,981,981,981,3/11/2010 8:26 AM,981
982,982,982,982,982,982,982,982,4/16/2003 6:30 PM,982
983,983,983,983,983,983,983,983,5/19/2014 10:32 PM,983
984,984,984,984,984,984,984,984,7/20/2009 2:47 AM,984
985,985,985,985,985,985,985,985,1/8/2003 5:28 AM,985
986,986,986,986,986,986,986,986,1/23/2003 12:13 AM,986
987,987,987,987,987,987,987,987,2/28/2002 9:24 PM,987
988,988,988,988,988,988,988,988,9/11/2013 4:03 AM,988
989,989,989,989,989,989,989,989,8/30/2012 12:27 AM,989
990,990,990,990,990,990,990,990,12/3/2002 9:47 PM,990
991,991,991,991,991,991,991,991,4/29/2017 8:44 AM,991
992,992,992,992,992,992,992,992,9/24/2013 7:52 AM,992
993,993,993,993,993,993,993,993,11/4/2006 9:22 AM,993
994,994,994,994,994,994,994,994,6/23/2010 11:07 AM,994
995,995,995,995,995,995,995,995,9/1/2002 6:37 PM,995
996,996,996,996,996,996,996,996,8/17/2007 1:01 PM,996
997,997,997,997,997,997,997,997,6/20/2019 8:12 PM,997
998,998,998,998,998,998,998,998,7/17/2013 1:16 AM,998
999,999,999,999,999,999,999,999,10/5/2008 3:18 PM,999
1000,1000,1000,1000,1000,1000,1000,1000,7/12/2005 1:58 PM,1000

