ShoppingCart_Key,Customer_Key,OrderPlaced_Date,OrderStatus_Code,Product_Key,Colour,Product_Quantity
1,1,12/2/2000,4468,1,Gray,8
2,2,2/23/2003,3117,2,Sky blue,3
3,3,8/10/2012,3066,3,Champagne,3
4,4,1/4/2016,3667,4,Dark red,7
5,5,3/26/2011,3360,5,Dark Red,5
6,6,8/22/2014,4577,6,coral,6
7,7,11/9/2016,2263,7,Aqua,1
8,8,5/28/2015,2712,8,Silver,3
9,9,10/3/2003,1564,9,Peach,6
10,10,8/19/2009,5100,10,Mauve,9
11,11,11/10/2005,1896,11,Dark Red,9
12,12,3/27/2001,4271,12,Auburn,8
13,13,5/28/2013,4040,13,Orange,5
14,14,10/7/2006,2991,14,Brown,4
15,15,11/8/2009,2498,15,Pink,5
16,16,9/19/2011,2698,16,Maroon,2
17,17,1/25/2001,2536,17,Dark red,8
18,18,9/16/2006,3548,18,Salmon,9
19,19,5/9/2007,4085,19,Lime,6
20,20,9/2/2009,3845,20,Lavender,1
21,21,5/12/2007,5165,21,Green,3
22,22,4/16/2009,2003,22,Apricot,2
23,23,12/8/2014,4423,23,coral,2
24,24,1/8/2000,4245,24,Apricot,6
25,25,6/1/2001,3195,25,Sepia,9
26,26,5/4/2014,5476,26,Dark Red,9
27,27,1/21/2014,1502,27,Emerald,7
28,28,10/2/2017,4862,28,Rust,4
29,29,3/15/2017,4965,29,Dark Red,4
30,30,1/31/2009,4607,30,Carmine,1
31,31,10/7/2005,4735,31,Maroon,3
32,32,7/14/2018,1533,32,Barbie Pink,2
33,33,8/22/2001,4963,33,Lime,8
34,34,5/24/2006,1112,34,Apricot,3
35,35,5/12/2008,2247,35,Rosegold,6
36,36,6/30/2013,3645,36,Cyan,9
37,37,9/30/2015,4859,37,Azure,4
38,38,8/17/2019,3616,38,Turquoise,9
39,39,1/23/2018,4536,39,Aqua,5
40,40,12/24/2010,1646,40,Gold,4
41,41,10/5/2017,3757,41,Camel,5
42,42,5/26/2019,2768,42,Purple,5
43,43,6/23/2014,3575,43,Lime,8
44,44,11/29/2016,5249,44,Aquamarine,3
45,45,1/30/2019,3386,45,Camel,1
46,46,6/8/2017,2171,46,Green,9
47,47,12/26/2017,2040,47,Cyan,8
48,48,11/2/2017,1301,48,Gold,1
49,49,8/17/2005,3229,49,Blue,1
50,50,10/24/2011,5373,50,Cerise,8
51,51,6/26/2002,1936,51,Barbie Pink,9
52,52,3/19/2003,3001,52,Salmon,1
53,53,2/7/2007,2316,53,Silver,6
54,54,9/4/2002,1521,54,Camel,3
55,55,9/25/2018,4009,55,Beige,7
56,56,9/9/2003,4692,56,Aqua,2
57,57,4/23/2017,5242,57,Yellow,3
58,58,1/19/2013,2551,58,Black,9
59,59,3/19/2013,5220,59,Gold,3
60,60,12/2/2006,2981,60,Blue,2
61,61,7/27/2007,5360,61,Aquamarine,3
62,62,8/23/2000,5399,62,Peach,3
63,63,10/26/2019,4134,63,Auburn,5
64,64,2/2/2000,3059,64,Barbie Pink,5
65,65,10/31/2004,3913,65,Peach,3
66,66,9/22/2007,4866,66,Dark Red,6
67,67,3/13/2001,3704,67,Fuchsia,4
68,68,1/15/2015,3695,68,Lime,4
69,69,6/5/2004,3738,69,Dark red,8
70,70,8/31/2018,1146,70,Brown,6
71,71,8/25/2007,1347,71,Yellow,9
72,72,10/26/2017,4983,72,Ultramarine,5
73,73,9/16/2011,3081,73,Gray,2
74,74,6/24/2019,5052,74,Dark red,2
75,75,8/8/2008,5452,75,Dark red,4
76,76,12/6/2011,4110,76,Green,4
77,77,4/24/2000,4176,77,Black,3
78,78,7/12/2012,1576,78,Emerald,4
79,79,8/28/2014,1743,79,Mauve,4
80,80,8/26/2011,2482,80,Azure,9
81,81,4/15/2007,3305,81,Mauve,9
82,82,6/5/2020,3393,82,Ruby,8
83,83,2/26/2008,2819,83,Gray,8
84,84,11/1/2007,3904,84,Gray,5
85,85,8/21/2007,1685,85,Lavender,3
86,86,7/1/2000,3877,86,Cadet blue,7
87,87,4/22/2019,5332,87,Magenta,2
88,88,1/8/2020,2174,88,Ultramarine,9
89,89,4/7/2011,5017,89,Aquamarine,6
90,90,10/22/2016,3285,90,Amethyst,4
91,91,1/7/2012,2893,91,Azure,5
92,92,10/10/2005,2402,92,Black,4
93,93,5/24/2002,2102,93,Sienna,5
94,94,9/10/2012,1376,94,Ultramarine,2
95,95,2/4/2007,1407,95,Dark red,4
96,96,2/21/2001,5441,96,Apricot,3
97,97,12/29/2015,1854,97,Rosewood,7
98,98,12/9/2018,2375,98,Purple,9
99,99,9/1/2013,1258,99,Blue,9
100,100,1/9/2005,3287,100,Cyan,1
101,101,11/13/2000,4465,101,Orange,8
102,102,10/12/2004,5149,102,Emerald,4
103,103,8/13/2016,5201,103,Green,4
104,104,2/21/2005,1954,104,Blue,5
105,105,1/26/2014,1903,105,Magenta,8
106,106,4/29/2001,4034,106,Pink,4
107,107,1/2/2020,5120,107,Cadet blue,5
108,108,1/5/2019,3823,108,Gold,8
109,109,3/2/2003,5098,109,Maroon,6
110,110,5/5/2012,4669,110,Amethyst,7
111,111,6/7/2006,2398,111,Beige,3
112,112,11/12/2005,4766,112,Peach,7
113,113,10/10/2019,5423,113,Peach,9
114,114,7/23/2018,4699,114,Rust,4
115,115,7/8/2001,5259,115,Rosegold,6
116,116,9/11/2017,4144,116,Cadet blue,8
117,117,8/14/2010,2173,117,Mauve,6
118,118,2/24/2018,3338,118,Dark red,4
119,119,10/9/2009,1586,119,Camel,2
120,120,1/2/2017,2730,120,Turquoise,1
121,121,5/4/2015,3609,121,Silver,4
122,122,8/4/2004,1452,122,Sepia,2
123,123,9/1/2002,5089,123,Carmine,4
124,124,11/10/2018,3701,124,Champagne,7
125,125,5/29/2001,3911,125,White,2
126,126,5/22/2006,4569,126,Silver,3
127,127,7/23/2012,2007,127,Brown,7
128,128,1/2/2004,5469,128,Sepia,8
129,129,11/2/2020,2790,129,Dark Red,2
130,130,6/15/2012,1894,130,Peach,8
131,131,8/16/2006,1736,131,Pink,3
132,132,9/4/2020,4043,132,Brown,8
133,133,9/14/2003,4775,133,Maroon,3
134,134,8/1/2010,2690,134,Aqua,1
135,135,8/10/2006,5256,135,Rust,8
136,136,11/19/2003,3730,136,Apricot,1
137,137,2/11/2010,4116,137,Sienna,4
138,138,2/19/2016,4522,138,Cadet blue,8
139,139,10/18/2018,1269,139,Black,7
140,140,10/4/2014,1757,140,Brown,9
141,141,12/31/2015,4542,141,Maroon,1
142,142,11/15/2013,4752,142,Sky blue,5
143,143,6/23/2019,2668,143,Peach,3
144,144,1/1/2009,2151,144,Blue,8
145,145,4/18/2004,2332,145,Emerald,1
146,146,11/27/2004,2052,146,Mauve,3
147,147,8/4/2003,4266,147,Pink,7
148,148,8/25/2003,5276,148,Rosegold,4
149,149,10/2/2008,5404,149,Red,5
150,150,6/30/2002,1818,150,Apricot,7
151,151,9/20/2016,2336,151,Silver,3
152,152,7/23/2012,2030,152,Brown,1
153,153,9/17/2011,4322,153,Champagne,8
154,154,11/12/2004,3527,154,Olive,1
155,155,3/7/2007,3734,155,Peach,4
156,156,8/16/2002,4012,156,Peach,8
157,157,11/8/2016,2182,157,Emerald,6
158,158,6/26/2005,4959,158,Purple,6
159,159,7/15/2002,2329,159,Rosewood,3
160,160,9/25/2020,5223,160,Gold,4
161,161,10/8/2000,3761,161,Fuchsia,4
162,162,12/2/2001,2669,162,coral,1
163,163,5/23/2011,1988,163,Dark red,1
164,164,3/19/2014,4973,164,Amethyst,8
165,165,3/4/2014,4535,165,Pink,3
166,166,12/23/2006,5033,166,Azure,1
167,167,8/19/2005,4281,167,Turquoise,5
168,168,3/18/2004,4880,168,Emerald,4
169,169,8/8/2006,3052,169,Lime,4
170,170,6/3/2008,2747,170,Barbie Pink,2
171,171,7/11/2019,4078,171,Beige,4
172,172,6/21/2007,2820,172,Cerise,5
173,173,10/15/2003,4197,173,Rust,1
174,174,5/26/2016,3456,174,Lime,8
175,175,4/24/2001,2536,175,Orange,3
176,176,5/5/2002,3136,176,Yellow,9
177,177,3/1/2005,2198,177,Camel,2
178,178,12/13/2001,5498,178,Carmine,2
179,179,7/1/2001,2707,179,White,3
180,180,3/14/2001,1696,180,Rosewood,1
181,181,12/30/2016,5205,181,Silver,5
182,182,3/13/2009,4121,182,Gold,9
183,183,11/24/2000,1301,183,Ultramarine,1
184,184,12/28/2010,2902,184,Champagne,2
185,185,8/3/2002,4353,185,Azure,3
186,186,9/11/2004,1704,186,Lime,6
187,187,9/6/2019,5104,187,Blue,1
188,188,12/3/2008,1510,188,Cyan,3
189,189,3/14/2013,2868,189,Lavender,3
190,190,5/24/2004,3300,190,Dark Red,8
191,191,2/1/2016,3360,191,Green,6
192,192,5/31/2001,2617,192,Turquoise,7
193,193,1/1/2013,1660,193,Fuchsia,6
194,194,6/28/2004,2286,194,Maroon,7
195,195,6/28/2001,3938,195,Carmine,6
196,196,11/17/2018,3867,196,Rosegold,6
197,197,11/3/2010,1877,197,Lime,6
198,198,1/24/2003,4201,198,Orange,5
199,199,9/28/2019,1521,199,Barbie Pink,9
200,200,5/14/2010,5462,200,Cyan,7
201,201,8/22/2016,2402,201,Cyan,7
202,202,10/25/2011,4208,202,Azure,9
203,203,5/3/2011,5425,203,Ultramarine,9
204,204,7/14/2015,4884,204,Amethyst,1
205,205,12/23/2000,3685,205,Rust,4
206,206,4/13/2006,1978,206,Barbie Pink,4
207,207,11/19/2003,4271,207,Peach,9
208,208,5/4/2005,5272,208,Olive,1
209,209,7/6/2017,3167,209,Champagne,5
210,210,12/13/2012,2324,210,Amethyst,3
211,211,8/15/2003,2200,211,Amethyst,6
212,212,10/27/2010,3313,212,Peach,8
213,213,11/8/2017,1594,213,Black,5
214,214,4/6/2011,1929,214,Rust,6
215,215,5/29/2003,3323,215,Rosegold,1
216,216,8/9/2018,1913,216,coral,3
217,217,11/27/2010,3799,217,Sepia,7
218,218,5/21/2015,2337,218,Olive,6
219,219,11/23/2005,4306,219,Fuchsia,4
220,220,9/12/2019,2697,220,Rosegold,9
221,221,8/24/2007,4674,221,Azure,1
222,222,12/23/2000,1706,222,Dark red,4
223,223,3/24/2011,5258,223,Aquamarine,6
224,224,9/3/2013,3356,224,Beige,6
225,225,9/1/2020,1189,225,Dark red,4
226,226,12/7/2015,3935,226,Lime,3
227,227,2/1/2019,1954,227,Camel,4
228,228,1/30/2001,2273,228,Lavender,7
229,229,12/13/2015,1900,229,Emerald,1
230,230,3/3/2001,5552,230,Silver,7
231,231,11/8/2005,4799,231,Cerise,7
232,232,1/23/2019,1280,232,Turquoise,9
233,233,9/19/2003,3088,233,Gold,9
234,234,3/20/2004,1912,234,Turquoise,8
235,235,2/2/2010,4976,235,Magenta,7
236,236,2/15/2008,5482,236,Beige,8
237,237,8/14/2003,2278,237,Pink,8
238,238,8/1/2012,2884,238,Olive,1
239,239,8/10/2005,1983,239,Purple,4
240,240,11/13/2020,3531,240,Turquoise,8
241,241,6/22/2003,4166,241,Azure,1
242,242,10/3/2003,1353,242,Beige,8
243,243,6/16/2013,4907,243,Dark Red,2
244,244,7/24/2009,1493,244,Emerald,2
245,245,10/20/2003,5365,245,Aqua,4
246,246,12/4/2016,3900,246,Silver,1
247,247,10/30/2007,5137,247,White,4
248,248,4/10/2006,3205,248,Champagne,7
249,249,8/6/2008,4336,249,Barbie Pink,9
250,250,2/11/2007,5062,250,Aquamarine,8
251,251,7/6/2001,3971,251,Cyan,1
252,252,1/5/2016,4995,252,Ruby,8
253,253,9/4/2007,2978,253,Sepia,4
254,254,4/25/2010,1983,254,Aqua,1
255,255,8/21/2003,1569,255,Apricot,3
256,256,10/16/2019,3943,256,Magenta,6
257,257,4/22/2010,1255,257,Ultramarine,9
258,258,7/13/2001,4303,258,Emerald,6
259,259,7/29/2002,5292,259,Silver,6
260,260,10/27/2010,2446,260,Gold,4
261,261,1/11/2007,1558,261,Auburn,1
262,262,3/10/2008,5442,262,Peach,1
263,263,7/17/2007,1485,263,Gold,8
264,264,1/10/2006,3677,264,Silver,9
265,265,12/3/2008,3164,265,White,7
266,266,9/14/2012,4147,266,Amethyst,7
267,267,2/7/2020,5499,267,coral,2
268,268,7/7/2003,1136,268,Sky blue,1
269,269,11/25/2008,4215,269,Cyan,9
270,270,12/31/2008,3372,270,Cerise,7
271,271,1/19/2010,1419,271,Aqua,3
272,272,1/27/2018,3613,272,Dark red,3
273,273,6/10/2013,5353,273,Dark Red,2
274,274,2/5/2014,3572,274,Olive,5
275,275,5/19/2006,1677,275,Green,7
276,276,10/8/2015,3359,276,Sepia,6
277,277,10/21/2003,2028,277,Rosegold,8
278,278,9/29/2005,4106,278,Amethyst,8
279,279,6/23/2005,2555,279,Mauve,6
280,280,2/16/2005,2954,280,Amethyst,8
281,281,7/30/2001,5415,281,Magenta,5
282,282,2/3/2005,1378,282,Auburn,1
283,283,7/21/2019,4809,283,Purple,5
284,284,10/19/2019,5220,284,Brown,9
285,285,8/29/2001,1711,285,Purple,2
286,286,7/10/2004,5336,286,Maroon,1
287,287,9/9/2010,1346,287,Apricot,3
288,288,5/24/2018,4180,288,Salmon,2
289,289,4/17/2006,3857,289,White,2
290,290,2/7/2007,4862,290,Ruby,7
291,291,1/4/2018,3627,291,Capri,4
292,292,6/1/2017,3216,292,Magenta,2
293,293,4/10/2013,3343,293,Peach,9
294,294,2/15/2009,4483,294,Barbie Pink,2
295,295,9/19/2008,4210,295,Sky blue,1
296,296,9/11/2007,5211,296,Dark Red,5
297,297,9/19/2017,5241,297,Beige,7
298,298,1/16/2009,4491,298,Dark red,4
299,299,7/11/2020,3864,299,Sienna,4
300,300,5/21/2013,1263,300,Carmine,3
301,301,2/5/2010,2786,301,Aquamarine,6
302,302,2/28/2010,5066,302,Capri,9
303,303,7/21/2005,4616,303,Sky blue,4
304,304,2/5/2003,3017,304,Silver,2
305,305,3/19/2016,4588,305,Emerald,9
306,306,7/16/2017,2691,306,Ruby,5
307,307,6/28/2012,4656,307,Emerald,4
308,308,1/2/2015,3724,308,Purple,4
309,309,6/9/2007,2866,309,Salmon,7
310,310,6/27/2020,1236,310,Cyan,4
311,311,8/8/2014,4479,311,Purple,5
312,312,7/28/2016,3870,312,Ruby,1
313,313,12/4/2014,3590,313,Lime,5
314,314,4/20/2003,3125,314,Mauve,6
315,315,4/11/2011,2874,315,Yellow,1
316,316,6/12/2014,5507,316,Mauve,6
317,317,11/17/2013,3554,317,Gold,3
318,318,2/11/2006,2976,318,Yellow,5
319,319,12/15/2012,1581,319,Camel,3
320,320,3/11/2006,5043,320,Cyan,1
321,321,1/22/2005,4804,321,Gray,5
322,322,5/16/2016,1699,322,Lavender,3
323,323,11/9/2015,1126,323,Capri,1
324,324,7/13/2003,4891,324,Maroon,4
325,325,9/12/2015,3839,325,Red,1
326,326,5/15/2009,1218,326,Silver,8
327,327,11/21/2020,3695,327,Brown,5
328,328,2/2/2005,3600,328,Yellow,1
329,329,5/24/2010,3821,329,Pink,1
330,330,11/15/2013,1593,330,Carmine,3
331,331,5/6/2003,3031,331,Orange,2
332,332,2/17/2001,2459,332,Ruby,5
333,333,9/6/2018,2405,333,Beige,9
334,334,11/2/2014,5199,334,Dark red,4
335,335,8/1/2013,4710,335,Orange,1
336,336,6/10/2003,4297,336,Gray,4
337,337,12/17/2014,2430,337,Apricot,7
338,338,12/21/2006,2085,338,Lavender,5
339,339,10/12/2003,3023,339,Ruby,4
340,340,2/8/2020,3785,340,Emerald,7
341,341,4/18/2009,1439,341,Cadet blue,9
342,342,3/30/2009,2350,342,Amethyst,3
343,343,10/17/2014,4972,343,Magenta,9
344,344,8/23/2001,1417,344,Cyan,7
345,345,9/8/2006,1563,345,Silver,8
346,346,12/30/2011,4891,346,Aquamarine,7
347,347,6/18/2018,2305,347,Aqua,3
348,348,9/22/2009,4623,348,Auburn,4
349,349,5/24/2011,3200,349,Orange,2
350,350,7/21/2020,3440,350,Emerald,2
351,351,6/9/2009,1895,351,Red,2
352,352,5/25/2018,5331,352,Cadet blue,8
353,353,3/8/2016,2428,353,Apricot,1
354,354,10/12/2004,2073,354,Lime,9
355,355,5/24/2003,4048,355,Pink,1
356,356,3/23/2015,3332,356,Turquoise,6
357,357,3/19/2012,4398,357,Sienna,2
358,358,1/19/2008,5130,358,Ultramarine,3
359,359,7/29/2009,3904,359,Black,7
360,360,12/31/2015,2800,360,Barbie Pink,1
361,361,6/16/2009,2679,361,Cerise,6
362,362,10/11/2016,2661,362,Dark Red,7
363,363,10/26/2020,1177,363,Mauve,3
364,364,3/16/2003,4995,364,Yellow,8
365,365,9/29/2020,3006,365,Turquoise,9
366,366,1/10/2015,4405,366,Amethyst,6
367,367,9/17/2007,3798,367,Yellow,7
368,368,2/5/2001,1332,368,Olive,3
369,369,7/26/2003,2960,369,Ruby,8
370,370,6/13/2016,3457,370,Barbie Pink,3
371,371,8/26/2019,2057,371,Lime,8
372,372,3/31/2006,1143,372,Silver,9
373,373,10/11/2012,2831,373,Magenta,5
374,374,8/15/2002,4455,374,Barbie Pink,6
375,375,2/24/2003,1536,375,coral,2
376,376,6/15/2009,1828,376,Cadet blue,8
377,377,4/2/2018,4560,377,Rust,2
378,378,5/23/2019,2047,378,Sepia,8
379,379,2/25/2012,4529,379,Rosewood,2
380,380,10/29/2016,3585,380,Ruby,2
381,381,10/26/2007,1641,381,Champagne,3
382,382,7/29/2003,5440,382,Green,3
383,383,2/3/2005,4504,383,Black,8
384,384,1/21/2004,2496,384,Sepia,1
385,385,2/8/2002,1309,385,Brown,5
386,386,8/1/2004,1346,386,Amethyst,4
387,387,8/21/2005,4648,387,Camel,6
388,388,10/23/2008,3455,388,Black,2
389,389,11/28/2015,5343,389,Carmine,1
390,390,9/11/2017,2843,390,Champagne,1
391,391,11/14/2016,4387,391,Capri,9
392,392,4/25/2002,4662,392,Cadet blue,7
393,393,11/24/2015,4349,393,Cerise,5
394,394,8/12/2017,2785,394,Lavender,4
395,395,10/23/2012,2240,395,Apricot,6
396,396,12/11/2004,4786,396,Red,6
397,397,8/30/2005,4122,397,Salmon,1
398,398,11/8/2019,2430,398,Amethyst,9
399,399,8/19/2019,1647,399,Cadet blue,5
400,400,6/20/2003,5424,400,Peach,5
401,401,12/16/2004,1633,401,Dark red,6
402,402,9/5/2017,5330,402,Blue,6
403,403,4/9/2008,5425,403,Gold,3
404,404,2/14/2015,4464,404,Azure,1
405,405,7/24/2010,2559,405,Amethyst,7
406,406,8/31/2020,4475,406,Salmon,1
407,407,10/31/2010,1838,407,Ruby,7
408,408,10/26/2005,2952,408,Orange,5
409,409,3/16/2018,4029,409,Capri,4
410,410,12/11/2016,4553,410,Yellow,4
411,411,1/20/2016,2254,411,Rosewood,2
412,412,12/7/2016,2520,412,Blue,3
413,413,1/28/2017,2607,413,Carmine,2
414,414,2/19/2008,5229,414,Auburn,7
415,415,10/10/2006,5038,415,Cerise,5
416,416,12/13/2007,1204,416,Maroon,1
417,417,1/13/2011,1695,417,Ultramarine,9
418,418,8/29/2006,4456,418,Black,4
419,419,10/19/2008,3118,419,coral,5
420,420,2/5/2002,5430,420,Rosegold,4
421,421,5/28/2004,5063,421,Silver,8
422,422,11/27/2018,3952,422,Rosegold,1
423,423,1/8/2008,1435,423,Pink,9
424,424,9/28/2017,4717,424,Amethyst,4
425,425,1/29/2014,2877,425,White,1
426,426,8/13/2007,2146,426,Cadet blue,5
427,427,3/8/2019,4592,427,coral,7
428,428,3/2/2003,3706,428,Capri,4
429,429,3/11/2005,3252,429,Emerald,3
430,430,12/1/2009,1807,430,Purple,1
431,431,5/12/2018,3843,431,Aquamarine,9
432,432,9/10/2006,1531,432,Rosegold,5
433,433,9/3/2006,1466,433,Auburn,2
434,434,8/20/2000,1480,434,Black,4
435,435,6/5/2010,3700,435,Dark Red,3
436,436,10/31/2008,1266,436,Emerald,9
437,437,4/20/2013,4327,437,Rosegold,2
438,438,3/29/2005,1787,438,Gray,8
439,439,6/17/2009,1805,439,coral,8
440,440,3/11/2008,1168,440,Red,9
441,441,11/20/2011,2507,441,Carmine,4
442,442,2/7/2008,3675,442,Black,3
443,443,12/23/2010,4639,443,Emerald,9
444,444,8/1/2011,5302,444,Ultramarine,3
445,445,10/7/2016,3157,445,Red,7
446,446,8/11/2003,4292,446,Aquamarine,1
447,447,8/7/2015,2000,447,Amethyst,8
448,448,12/12/2000,4767,448,Camel,1
449,449,11/11/2004,1470,449,Azure,6
450,450,10/29/2001,1242,450,Amethyst,4
451,451,9/1/2011,5433,451,Gray,8
452,452,2/10/2005,3480,452,Cerise,7
453,453,9/1/2016,2584,453,Champagne,9
454,454,9/10/2003,2457,454,Capri,6
455,455,12/10/2004,1145,455,Cadet blue,5
456,456,12/19/2006,1207,456,Rosewood,9
457,457,12/28/2002,4545,457,Ruby,3
458,458,7/17/2014,5101,458,Green,4
459,459,8/29/2013,3003,459,Azure,1
460,460,6/25/2015,4945,460,Sienna,5
461,461,5/9/2006,3160,461,Yellow,1
462,462,11/13/2020,3998,462,Cerise,5
463,463,9/8/2007,1565,463,Ultramarine,7
464,464,8/15/2007,1364,464,Fuchsia,4
465,465,8/23/2000,3601,465,Ruby,4
466,466,11/8/2016,3157,466,Lavender,6
467,467,12/25/2005,4583,467,Capri,4
468,468,10/26/2017,1834,468,Mauve,9
469,469,8/23/2013,5429,469,Magenta,9
470,470,5/23/2016,3518,470,Azure,6
471,471,2/20/2006,4480,471,Cyan,1
472,472,3/5/2007,3390,472,Cyan,2
473,473,12/20/2019,1298,473,Aquamarine,2
474,474,9/29/2001,4298,474,Dark Red,5
475,475,1/22/2006,2522,475,Dark red,6
476,476,5/8/2000,4487,476,Rust,3
477,477,11/6/2011,3779,477,Mauve,8
478,478,8/4/2009,4209,478,Green,2
479,479,7/20/2008,2604,479,Amethyst,1
480,480,11/25/2010,2083,480,Magenta,9
481,481,1/30/2018,3738,481,Barbie Pink,5
482,482,4/29/2016,5111,482,Champagne,8
483,483,1/10/2001,2902,483,Lavender,6
484,484,2/15/2002,2376,484,Red,1
485,485,12/3/2015,1856,485,Purple,6
486,486,3/14/2009,3616,486,Dark Red,6
487,487,5/27/2015,5124,487,Orange,5
488,488,11/15/2002,2319,488,Blue,7
489,489,5/8/2001,3724,489,Capri,1
490,490,12/21/2016,4585,490,Orange,6
491,491,3/17/2006,4023,491,Beige,4
492,492,8/18/2017,1262,492,Amethyst,6
493,493,9/1/2016,3605,493,Ruby,4
494,494,6/13/2001,2094,494,Lime,9
495,495,6/16/2007,5488,495,Rust,8
496,496,2/26/2016,2666,496,Salmon,2
497,497,12/18/2003,5103,497,Salmon,1
498,498,8/18/2001,2914,498,Orange,3
499,499,6/15/2003,2760,499,Aquamarine,5
500,500,3/29/2005,4269,500,Mauve,1
501,501,2/17/2013,3037,501,Azure,8
502,502,3/5/2010,2058,502,Gray,3
503,503,6/1/2000,3904,503,Lime,6
504,504,3/29/2007,5365,504,Sepia,9
505,505,4/14/2012,3830,505,Fuchsia,5
506,506,2/13/2012,1468,506,Lavender,7
507,507,7/19/2017,3466,507,Rosewood,3
508,508,9/21/2008,1868,508,Green,3
509,509,12/22/2009,2970,509,Yellow,9
510,510,6/5/2004,5200,510,Ruby,4
511,511,6/22/2006,2289,511,Camel,5
512,512,1/12/2014,3453,512,Rosegold,2
513,513,5/7/2006,3657,513,Turquoise,1
514,514,8/17/2009,2918,514,Olive,6
515,515,12/23/2010,2797,515,Mauve,1
516,516,10/22/2009,3281,516,Olive,8
517,517,7/16/2000,2144,517,Sepia,9
518,518,6/11/2018,4044,518,Blue,8
519,519,5/21/2002,1774,519,Rust,2
520,520,12/29/2001,5191,520,Peach,8
521,521,8/8/2003,2861,521,Black,4
522,522,8/28/2007,1335,522,Rosegold,6
523,523,10/12/2019,3120,523,Red,4
524,524,9/27/2015,5086,524,Gold,9
525,525,1/22/2003,4071,525,Peach,7
526,526,8/3/2009,1294,526,Green,7
527,527,11/11/2013,1825,527,Cadet blue,2
528,528,2/27/2018,4684,528,Capri,4
529,529,4/27/2019,3940,529,Cadet blue,2
530,530,7/9/2004,3980,530,Camel,5
531,531,2/28/2016,4861,531,Lime,1
532,532,2/16/2011,1808,532,Mauve,3
533,533,2/25/2014,3749,533,Black,5
534,534,10/25/2002,5158,534,Apricot,5
535,535,11/7/2001,3642,535,Champagne,1
536,536,8/7/2011,4991,536,Blue,4
537,537,8/24/2002,4324,537,Yellow,5
538,538,11/19/2014,3970,538,Yellow,6
539,539,2/8/2010,1459,539,Gold,4
540,540,4/6/2011,1636,540,Carmine,2
541,541,2/13/2007,5376,541,Azure,1
542,542,3/27/2000,3717,542,Gray,4
543,543,12/30/2016,4266,543,Aquamarine,1
544,544,1/9/2006,4165,544,Yellow,6
545,545,6/28/2020,4486,545,Green,4
546,546,7/25/2004,4708,546,Magenta,5
547,547,5/6/2014,4380,547,Peach,7
548,548,12/24/2006,4331,548,Silver,1
549,549,7/26/2015,1976,549,Green,1
550,550,6/30/2009,3286,550,Brown,6
551,551,12/17/2011,4789,551,Sky blue,6
552,552,3/29/2020,5028,552,Rust,6
553,553,7/17/2016,2741,553,Maroon,5
554,554,8/3/2015,2044,554,Aquamarine,3
555,555,1/7/2001,1382,555,Pink,7
556,556,1/22/2013,3116,556,Aquamarine,7
557,557,5/30/2012,3588,557,Salmon,6
558,558,9/29/2016,4161,558,Pink,8
559,559,3/5/2015,1817,559,Cerise,9
560,560,6/26/2002,4359,560,Purple,2
561,561,1/5/2017,4972,561,Dark Red,2
562,562,5/15/2016,1355,562,Amethyst,3
563,563,3/29/2016,1159,563,Camel,9
564,564,4/5/2012,1465,564,Barbie Pink,5
565,565,8/11/2020,3339,565,coral,9
566,566,8/1/2014,2990,566,Champagne,9
567,567,7/10/2015,4673,567,Champagne,4
568,568,12/28/2015,5327,568,Sienna,3
569,569,10/8/2009,4844,569,Champagne,8
570,570,11/30/2009,1432,570,Sienna,1
571,571,7/28/2004,2268,571,Yellow,8
572,572,12/19/2004,1939,572,Pink,2
573,573,9/13/2000,2128,573,Auburn,3
574,574,8/24/2016,5545,574,Azure,3
575,575,8/31/2003,2931,575,Sienna,5
576,576,12/7/2013,2494,576,Salmon,3
577,577,5/20/2011,3530,577,Amethyst,4
578,578,12/11/2015,3339,578,Barbie Pink,4
579,579,12/10/2006,4713,579,Amethyst,1
580,580,8/28/2003,4976,580,Champagne,4
581,581,4/18/2003,2783,581,Brown,3
582,582,2/13/2003,3641,582,Ruby,4
583,583,10/11/2008,2948,583,Pink,4
584,584,7/18/2007,4699,584,Turquoise,4
585,585,9/1/2016,5115,585,Peach,6
586,586,8/1/2015,4883,586,Turquoise,2
587,587,3/21/2000,4436,587,Gold,7
588,588,11/6/2001,3564,588,Cyan,8
589,589,9/24/2017,4812,589,Purple,4
590,590,8/17/2011,4463,590,Dark red,7
591,591,8/20/2008,5342,591,Azure,4
592,592,1/17/2001,3413,592,Lime,7
593,593,3/31/2006,1289,593,Dark red,9
594,594,8/2/2014,2393,594,Ruby,5
595,595,7/6/2000,4848,595,Aqua,7
596,596,9/15/2014,5028,596,Aquamarine,8
597,597,3/19/2017,2302,597,Gold,3
598,598,11/29/2000,1112,598,Olive,7
599,599,6/5/2009,2536,599,Purple,1
600,600,3/28/2012,3483,600,Cyan,6
601,601,4/22/2019,2716,601,Aqua,8
602,602,5/12/2007,1942,602,Carmine,9
603,603,11/5/2009,2457,603,Beige,3
604,604,12/11/2017,3559,604,Olive,3
605,605,11/6/2009,3824,605,Champagne,2
606,606,11/13/2004,4123,606,Barbie Pink,1
607,607,10/14/2003,4214,607,Silver,2
608,608,1/16/2009,1435,608,Lavender,1
609,609,8/4/2020,2565,609,Magenta,8
610,610,8/1/2012,3490,610,Rust,3
611,611,4/22/2014,1639,611,Azure,7
612,612,5/8/2010,4343,612,Pink,1
613,613,10/10/2013,2527,613,Silver,3
614,614,11/2/2015,2020,614,Rosewood,6
615,615,5/27/2016,1930,615,Rust,7
616,616,4/20/2001,1953,616,Salmon,5
617,617,11/9/2010,3390,617,Barbie Pink,9
618,618,6/24/2005,4687,618,Fuchsia,9
619,619,1/5/2016,5268,619,Aqua,7
620,620,8/9/2019,2208,620,Black,6
621,621,6/30/2003,4077,621,Auburn,3
622,622,6/19/2016,2778,622,Magenta,5
623,623,12/27/2011,5051,623,Ruby,3
624,624,6/15/2005,2399,624,Olive,6
625,625,4/17/2006,3566,625,Lavender,1
626,626,7/8/2018,2139,626,Dark Red,9
627,627,7/10/2010,3162,627,Carmine,4
628,628,5/8/2007,3192,628,Black,9
629,629,11/7/2011,5462,629,Gold,5
630,630,8/2/2012,2398,630,Emerald,7
631,631,4/26/2001,1701,631,Maroon,7
632,632,11/15/2016,3737,632,Rosewood,9
633,633,12/25/2010,1319,633,Carmine,3
634,634,1/27/2019,1255,634,coral,9
635,635,5/14/2017,4492,635,Champagne,3
636,636,7/2/2018,5472,636,Azure,7
637,637,3/5/2015,3060,637,Apricot,1
638,638,9/24/2016,2171,638,Cerise,2
639,639,7/10/2013,4784,639,Barbie Pink,9
640,640,6/12/2000,3516,640,Champagne,6
641,641,5/5/2020,1289,641,White,2
642,642,8/19/2000,5354,642,Ruby,1
643,643,10/10/2005,2476,643,Pink,3
644,644,2/27/2009,2409,644,Mauve,7
645,645,9/20/2004,5002,645,Emerald,8
646,646,9/6/2006,4710,646,Beige,6
647,647,9/13/2005,1252,647,Yellow,7
648,648,1/4/2020,3439,648,Green,5
649,649,10/21/2018,4557,649,coral,8
650,650,8/22/2006,2837,650,Rosewood,9
651,651,3/14/2000,1877,651,Magenta,2
652,652,12/12/2015,4832,652,Yellow,3
653,653,6/18/2003,1259,653,Black,4
654,654,12/11/2009,3255,654,Dark red,9
655,655,11/13/2004,4412,655,Mauve,9
656,656,5/27/2020,4582,656,Cerise,2
657,657,6/7/2016,3436,657,Apricot,2
658,658,3/6/2001,5157,658,Apricot,5
659,659,2/22/2010,4709,659,Rosewood,5
660,660,3/15/2019,1868,660,Blue,2
661,661,7/23/2005,5212,661,Black,7
662,662,5/11/2013,2338,662,Dark red,2
663,663,3/29/2016,2231,663,Green,5
664,664,4/23/2002,1818,664,Lime,8
665,665,11/17/2002,2060,665,Beige,8
666,666,3/31/2002,2234,666,Barbie Pink,8
667,667,1/22/2019,2920,667,Lavender,2
668,668,11/20/2008,5150,668,Dark Red,2
669,669,8/19/2013,4118,669,Ruby,5
670,670,11/28/2001,4849,670,Salmon,7
671,671,1/25/2007,3637,671,Gold,2
672,672,12/28/2018,2238,672,Sepia,7
673,673,5/7/2011,2277,673,Magenta,5
674,674,2/20/2008,1210,674,Lavender,8
675,675,5/17/2002,5409,675,Capri,1
676,676,12/27/2002,1357,676,Yellow,7
677,677,7/5/2008,1536,677,Mauve,5
678,678,1/12/2014,4447,678,Rosewood,9
679,679,8/8/2007,2439,679,Cerise,8
680,680,11/21/2016,2240,680,Magenta,4
681,681,6/9/2003,4128,681,Rosegold,9
682,682,6/22/2020,3585,682,Sienna,4
683,683,11/25/2019,2259,683,Pink,8
684,684,8/30/2016,3674,684,Yellow,6
685,685,5/1/2018,1834,685,Azure,5
686,686,9/28/2013,3341,686,Beige,4
687,687,7/14/2008,1591,687,Lavender,8
688,688,4/19/2005,3276,688,Magenta,4
689,689,5/29/2000,4499,689,Salmon,1
690,690,2/6/2008,1652,690,Camel,3
691,691,3/27/2019,1874,691,Salmon,4
692,692,9/17/2004,3765,692,Auburn,6
693,693,2/4/2013,3461,693,Pink,6
694,694,1/14/2013,3704,694,Black,1
695,695,4/21/2005,2959,695,Amethyst,4
696,696,3/16/2012,2112,696,Beige,8
697,697,10/28/2020,3954,697,Capri,7
698,698,11/17/2019,4652,698,Gold,3
699,699,7/8/2014,1612,699,Cerise,9
700,700,5/16/2013,1917,700,Black,1
701,701,12/12/2002,1822,701,Barbie Pink,6
702,702,2/23/2010,4678,702,Red,3
703,703,3/11/2006,5131,703,Cyan,9
704,704,9/7/2015,3827,704,Ruby,4
705,705,2/2/2016,1955,705,Rosegold,8
706,706,3/21/2013,4726,706,Champagne,2
707,707,7/23/2017,1590,707,Champagne,4
708,708,10/14/2000,2230,708,Azure,4
709,709,1/15/2008,1204,709,Sienna,7
710,710,11/10/2003,3516,710,coral,6
711,711,8/25/2005,2749,711,Dark Red,9
712,712,4/22/2016,1794,712,Brown,7
713,713,4/21/2001,3624,713,Green,3
714,714,3/12/2015,2877,714,coral,6
715,715,10/25/2017,1887,715,Champagne,7
716,716,8/5/2020,3209,716,coral,6
717,717,6/30/2011,2258,717,Fuchsia,2
718,718,7/20/2003,1444,718,Green,5
719,719,2/15/2000,1945,719,Red,9
720,720,4/28/2019,2593,720,Beige,1
721,721,7/29/2017,5279,721,Gold,2
722,722,11/1/2014,3371,722,Apricot,7
723,723,11/21/2017,2280,723,Orange,9
724,724,5/13/2014,2111,724,Champagne,6
725,725,12/8/2005,1200,725,Silver,3
726,726,6/5/2006,4546,726,Cerise,3
727,727,10/18/2017,4320,727,Red,1
728,728,9/19/2001,4400,728,Aqua,2
729,729,4/16/2002,5405,729,White,4
730,730,7/17/2019,3282,730,Lavender,5
731,731,6/5/2008,4919,731,Dark Red,8
732,732,9/30/2010,3027,732,White,2
733,733,12/12/2015,5313,733,Turquoise,2
734,734,12/21/2009,4736,734,Rust,9
735,735,1/5/2007,5078,735,Apricot,7
736,736,5/1/2013,2963,736,Maroon,6
737,737,4/28/2001,5527,737,Orange,2
738,738,8/10/2000,1897,738,Lavender,9
739,739,4/16/2013,4713,739,Gray,2
740,740,9/1/2009,1276,740,Apricot,2
741,741,12/1/2001,4924,741,Lime,4
742,742,3/7/2018,3989,742,Auburn,3
743,743,5/16/2005,1865,743,Auburn,1
744,744,12/1/2007,2881,744,Green,6
745,745,7/5/2016,4227,745,Silver,9
746,746,10/23/2001,4435,746,Cadet blue,7
747,747,10/11/2006,1886,747,Rust,2
748,748,1/15/2009,4530,748,Pink,7
749,749,11/21/2007,1934,749,Dark red,1
750,750,9/20/2005,4211,750,Cerise,2
751,751,7/22/2003,2179,751,Orange,1
752,752,2/20/2010,3532,752,Salmon,4
753,753,7/28/2007,5216,753,Orange,7
754,754,5/21/2005,4222,754,Dark Red,1
755,755,11/11/2002,3347,755,Cyan,3
756,756,11/15/2018,5054,756,Gold,9
757,757,6/26/2019,2963,757,Sepia,9
758,758,2/10/2002,1754,758,Capri,9
759,759,3/22/2012,3552,759,Brown,4
760,760,8/17/2005,2713,760,Aqua,5
761,761,8/24/2015,3623,761,Dark red,3
762,762,10/20/2012,5392,762,Pink,1
763,763,1/29/2012,3661,763,Lavender,3
764,764,7/29/2018,4021,764,White,6
765,765,4/18/2005,3902,765,Aquamarine,4
766,766,10/11/2002,3974,766,Sky blue,9
767,767,2/13/2019,4953,767,Maroon,7
768,768,7/3/2000,4420,768,Azure,8
769,769,3/9/2001,2321,769,Champagne,4
770,770,10/26/2002,4165,770,Dark Red,5
771,771,5/6/2012,4503,771,Lavender,9
772,772,8/7/2013,2144,772,Beige,3
773,773,4/18/2009,2489,773,coral,1
774,774,2/19/2004,5212,774,Lime,8
775,775,10/25/2012,3907,775,Red,4
776,776,8/24/2001,4648,776,Purple,4
777,777,4/10/2014,4189,777,Pink,7
778,778,7/9/2008,1954,778,Cerise,4
779,779,5/17/2019,4365,779,Carmine,1
780,780,8/30/2014,4327,780,Mauve,4
781,781,4/6/2000,3809,781,Champagne,5
782,782,12/11/2001,3259,782,Aqua,2
783,783,7/12/2001,5014,783,Silver,2
784,784,8/2/2016,4184,784,Cerise,9
785,785,4/17/2009,2597,785,Blue,4
786,786,5/26/2011,4218,786,Rust,8
787,787,9/28/2011,1577,787,Ruby,6
788,788,9/16/2014,4462,788,Rosewood,2
789,789,5/10/2002,2446,789,Apricot,6
790,790,11/17/2000,4510,790,Dark red,5
791,791,3/13/2005,1838,791,Maroon,3
792,792,7/21/2001,3497,792,Lavender,7
793,793,7/8/2014,1604,793,Turquoise,4
794,794,7/1/2016,2638,794,Carmine,5
795,795,11/23/2006,1205,795,Aqua,5
796,796,4/24/2018,5084,796,Fuchsia,1
797,797,10/25/2004,1912,797,Gray,4
798,798,1/12/2013,3934,798,Aqua,5
799,799,12/22/2010,1708,799,Rosegold,7
800,800,10/22/2003,2237,800,Black,8
801,801,3/9/2020,1945,801,Salmon,6
802,802,4/2/2016,2341,802,Turquoise,7
803,803,5/28/2004,1130,803,Fuchsia,4
804,804,6/17/2002,2333,804,Black,1
805,805,3/29/2019,3872,805,Apricot,6
806,806,4/1/2014,4229,806,Gray,7
807,807,10/23/2017,3515,807,Cyan,9
808,808,11/9/2003,2404,808,Capri,8
809,809,12/8/2011,1556,809,Cadet blue,8
810,810,5/2/2005,3965,810,Silver,5
811,811,11/30/2019,1529,811,Lime,3
812,812,7/3/2015,2247,812,Peach,7
813,813,12/6/2010,1384,813,Dark red,1
814,814,7/9/2007,2846,814,Purple,6
815,815,11/2/2015,5507,815,Aquamarine,3
816,816,7/3/2006,4952,816,Sky blue,8
817,817,3/16/2002,3037,817,Pink,7
818,818,8/23/2005,2170,818,Green,6
819,819,8/18/2005,4279,819,Champagne,9
820,820,7/5/2014,3932,820,Cadet blue,2
821,821,5/18/2019,2126,821,Black,3
822,822,11/20/2008,4527,822,Rust,5
823,823,1/5/2018,1214,823,Magenta,1
824,824,6/23/2016,5164,824,Barbie Pink,4
825,825,11/17/2017,3858,825,Apricot,4
826,826,4/23/2017,1722,826,Blue,8
827,827,12/24/2000,4690,827,coral,8
828,828,3/22/2017,4949,828,Turquoise,2
829,829,2/26/2010,3047,829,Barbie Pink,6
830,830,4/14/2000,2637,830,Azure,1
831,831,4/26/2014,2449,831,Carmine,7
832,832,4/23/2006,2662,832,Amethyst,1
833,833,4/6/2017,2669,833,Rosewood,4
834,834,7/17/2011,3315,834,Sienna,1
835,835,12/27/2015,2677,835,Mauve,2
836,836,3/14/2012,5432,836,Salmon,2
837,837,9/8/2018,2280,837,Apricot,2
838,838,6/14/2002,5284,838,Dark Red,2
839,839,6/15/2012,5213,839,Rosegold,5
840,840,4/28/2003,4579,840,Purple,3
841,841,1/6/2006,4698,841,Azure,6
842,842,6/19/2010,4379,842,Barbie Pink,6
843,843,11/16/2012,1587,843,Brown,9
844,844,3/15/2015,4176,844,Gold,7
845,845,11/15/2008,3982,845,Yellow,8
846,846,9/13/2010,3481,846,Capri,1
847,847,10/17/2011,4945,847,Purple,5
848,848,5/3/2000,5049,848,Red,6
849,849,3/13/2019,3383,849,Camel,1
850,850,3/21/2019,5104,850,Dark red,1
851,851,1/15/2004,3474,851,Purple,2
852,852,5/16/2020,4474,852,Carmine,4
853,853,2/22/2008,4187,853,Sienna,6
854,854,2/8/2016,3558,854,Brown,6
855,855,11/26/2000,1432,855,Emerald,8
856,856,9/16/2006,2717,856,Salmon,9
857,857,3/18/2005,4364,857,Champagne,5
858,858,5/18/2000,3550,858,Cadet blue,4
859,859,11/25/2011,4992,859,Cadet blue,9
860,860,8/1/2007,4455,860,Sky blue,1
861,861,4/18/2004,4981,861,Gold,5
862,862,2/12/2017,2672,862,Ultramarine,1
863,863,6/12/2018,5238,863,Salmon,7
864,864,9/22/2000,5020,864,Brown,8
865,865,9/21/2014,1477,865,Capri,8
866,866,10/27/2004,4934,866,Gray,7
867,867,5/7/2011,2900,867,Gray,5
868,868,10/17/2020,1935,868,Maroon,2
869,869,5/22/2003,3942,869,Magenta,2
870,870,3/17/2006,4019,870,Rosewood,6
871,871,8/31/2017,3321,871,Brown,5
872,872,7/8/2005,1587,872,Green,7
873,873,10/1/2006,1752,873,Gold,1
874,874,8/30/2018,2302,874,Magenta,3
875,875,10/21/2001,4190,875,Ruby,2
876,876,8/26/2004,2511,876,Champagne,9
877,877,3/1/2017,2124,877,Green,9
878,878,1/15/2006,3647,878,Sky blue,9
879,879,10/5/2017,2735,879,Red,2
880,880,7/24/2018,3673,880,White,1
881,881,5/27/2012,5391,881,Turquoise,1
882,882,4/11/2003,2138,882,Sienna,8
883,883,5/23/2013,2206,883,Carmine,4
884,884,4/13/2003,3032,884,Sepia,9
885,885,6/3/2003,4865,885,Rust,7
886,886,11/29/2005,2942,886,Purple,7
887,887,8/19/2020,5441,887,Salmon,3
888,888,5/25/2017,2722,888,Sepia,4
889,889,4/4/2010,3110,889,Pink,9
890,890,1/31/2008,2880,890,Ultramarine,4
891,891,1/3/2015,2517,891,Dark Red,2
892,892,11/11/2015,2624,892,Dark Red,3
893,893,3/2/2006,1762,893,Red,8
894,894,8/26/2008,4410,894,Dark Red,6
895,895,12/31/2011,2347,895,Purple,2
896,896,7/13/2019,1317,896,Sienna,7
897,897,1/16/2010,3120,897,Champagne,1
898,898,10/11/2015,4852,898,Amethyst,3
899,899,10/18/2015,5470,899,Amethyst,2
900,900,10/20/2009,4651,900,Rosewood,4
901,901,12/22/2000,5527,901,Peach,9
902,902,6/5/2015,1281,902,Cadet blue,8
903,903,5/6/2015,2551,903,Dark red,2
904,904,1/29/2007,4202,904,White,1
905,905,11/5/2020,3084,905,Sepia,7
906,906,1/20/2005,3355,906,Cerise,1
907,907,2/3/2009,1385,907,Cerise,7
908,908,9/1/2004,2918,908,Carmine,7
909,909,3/21/2004,3390,909,Camel,7
910,910,12/25/2016,4568,910,Ultramarine,5
911,911,11/11/2007,3067,911,Turquoise,9
912,912,8/22/2012,1920,912,Sienna,7
913,913,4/12/2013,3545,913,Fuchsia,1
914,914,7/15/2010,3102,914,Sienna,6
915,915,6/19/2004,2238,915,Red,8
916,916,1/3/2008,1208,916,Dark red,6
917,917,3/27/2016,3980,917,Beige,2
918,918,1/14/2008,1609,918,Aquamarine,8
919,919,3/11/2001,5038,919,Black,4
920,920,4/6/2011,1258,920,Camel,3
921,921,1/10/2008,1977,921,Aquamarine,7
922,922,4/14/2004,2487,922,Aquamarine,8
923,923,2/21/2004,4626,923,Beige,3
924,924,11/22/2020,3437,924,Rosewood,3
925,925,11/14/2002,1293,925,Camel,1
926,926,4/10/2019,1153,926,Azure,8
927,927,3/17/2003,4824,927,Amethyst,4
928,928,7/22/2020,5337,928,Camel,4
929,929,9/17/2014,2160,929,coral,1
930,930,12/9/2011,3423,930,Ruby,3
931,931,5/24/2006,4801,931,Capri,8
932,932,10/28/2013,3975,932,Purple,2
933,933,5/17/2000,5548,933,Lime,2
934,934,2/18/2008,4021,934,Mauve,6
935,935,12/16/2018,4368,935,Peach,7
936,936,10/21/2019,3122,936,Apricot,1
937,937,7/13/2006,3743,937,Gray,5
938,938,6/16/2013,2057,938,Silver,9
939,939,9/10/2000,4174,939,Sienna,7
940,940,6/3/2016,4814,940,Capri,1
941,941,2/11/2001,1451,941,Turquoise,1
942,942,4/18/2010,4981,942,Cyan,3
943,943,10/1/2003,1135,943,Olive,9
944,944,3/13/2012,2337,944,Black,5
945,945,10/30/2011,3049,945,coral,6
946,946,1/18/2019,5034,946,Barbie Pink,5
947,947,1/1/2015,2149,947,coral,6
948,948,10/4/2002,4296,948,Azure,5
949,949,7/19/2009,5055,949,White,9
950,950,8/9/2013,3545,950,Champagne,3
951,951,3/7/2019,5199,951,Cerise,8
952,952,2/8/2013,4650,952,Camel,4
953,953,8/31/2000,2551,953,Pink,5
954,954,11/15/2003,2402,954,Lime,1
955,955,10/13/2006,4749,955,Blue,2
956,956,12/7/2015,4598,956,Lime,8
957,957,1/7/2004,3904,957,coral,6
958,958,6/15/2004,3567,958,Dark red,7
959,959,1/19/2013,4481,959,Mauve,3
960,960,6/22/2000,3703,960,Rosewood,3
961,961,11/19/2005,3404,961,Magenta,9
962,962,6/11/2007,1649,962,Aquamarine,2
963,963,2/22/2009,3436,963,coral,2
964,964,1/22/2020,4686,964,Apricot,2
965,965,10/10/2005,2329,965,Lavender,9
966,966,1/19/2003,1954,966,Sepia,3
967,967,11/7/2009,2672,967,Carmine,6
968,968,9/3/2018,4382,968,Pink,3
969,969,7/22/2013,1542,969,Ruby,1
970,970,9/1/2003,1551,970,Turquoise,3
971,971,4/26/2018,4416,971,Rust,5
972,972,6/5/2007,2604,972,Sky blue,4
973,973,8/11/2010,2073,973,Lime,5
974,974,10/14/2000,5178,974,Carmine,3
975,975,1/12/2009,1163,975,Black,1
976,976,6/10/2002,2277,976,Ruby,3
977,977,8/7/2011,2177,977,Dark Red,7
978,978,2/22/2008,3643,978,Mauve,8
979,979,9/6/2012,4137,979,Carmine,9
980,980,10/12/2017,2398,980,Cerise,4
981,981,3/22/2019,4556,981,Rosewood,5
982,982,12/31/2000,3298,982,Magenta,1
983,983,1/8/2015,3335,983,Turquoise,5
984,984,2/4/2012,3964,984,Cerise,7
985,985,12/17/2010,2577,985,Sienna,5
986,986,10/27/2007,3728,986,Lavender,6
987,987,7/8/2017,3618,987,Purple,2
988,988,6/25/2002,1944,988,Purple,4
989,989,2/20/2016,4820,989,Olive,5
990,990,3/11/2000,2668,990,Amethyst,4
991,991,1/3/2015,4770,991,Yellow,7
992,992,1/29/2012,3285,992,Amethyst,4
993,993,9/25/2004,2876,993,Pink,6
994,994,12/20/2007,3673,994,Cyan,8
995,995,4/16/2000,2480,995,Mauve,4
996,996,2/25/2008,5236,996,Lime,2
997,997,10/13/2007,2027,997,Ultramarine,8
998,998,2/15/2007,3079,998,Auburn,4
999,999,7/10/2018,5186,999,Gray,6
1000,1000,3/3/2012,4597,1000,Brown,8

