WishList_Key,WishList_UpdatedTime
1,11/3/2019 6:05 PM
2,3/12/2012 5:45 PM
3,11/22/2014 4:11 PM
4,5/7/2020 5:00 AM
5,6/25/2015 1:14 AM
6,9/26/2017 3:10 PM
7,12/4/2019 4:34 PM
8,7/8/2001 12:06 PM
9,3/13/2020 11:54 AM
10,1/19/2016 5:07 AM
11,4/18/2017 8:01 AM
12,11/22/2002 4:34 AM
13,5/4/2009 12:02 AM
14,10/18/2014 6:23 PM
15,2/18/2013 11:41 AM
16,11/7/2003 5:51 PM
17,2/21/2013 7:53 PM
18,7/15/2006 6:03 PM
19,8/10/2019 3:44 PM
20,9/20/2013 10:28 PM
21,9/13/2002 3:34 AM
22,11/9/2010 10:37 PM
23,3/15/2002 3:33 PM
24,4/20/2011 6:24 AM
25,2/26/2010 8:33 PM
26,3/4/2006 2:06 AM
27,3/15/2020 12:12 PM
28,4/30/2001 9:35 PM
29,3/16/2000 9:43 PM
30,7/9/2003 7:37 PM
31,4/14/2004 5:21 PM
32,1/22/2005 5:56 PM
33,3/13/2005 3:58 PM
34,4/23/2008 4:27 AM
35,1/31/2001 9:05 PM
36,10/2/2015 1:04 PM
37,2/4/2001 9:16 PM
38,3/9/2011 8:53 AM
39,11/25/2004 8:05 PM
40,10/8/2015 10:23 AM
41,1/9/2012 12:47 PM
42,2/24/2019 6:15 PM
43,3/9/2010 4:57 PM
44,6/20/2015 3:53 PM
45,5/14/2014 3:35 AM
46,6/12/2010 8:07 AM
47,3/8/2016 7:32 AM
48,12/29/2001 9:15 PM
49,8/5/2011 8:24 PM
50,8/1/2016 4:16 PM
51,9/12/2013 10:06 AM
52,9/2/2008 3:54 PM
53,10/22/2020 10:49 AM
54,12/25/2017 1:40 AM
55,7/25/2008 9:35 PM
56,9/24/2005 5:43 PM
57,10/23/2009 8:39 AM
58,2/15/2005 4:48 PM
59,10/7/2018 8:39 AM
60,5/26/2005 7:26 AM
61,10/3/2008 10:29 PM
62,9/22/2001 3:43 PM
63,2/17/2004 4:47 AM
64,11/23/2001 4:56 PM
65,12/6/2014 12:20 PM
66,6/4/2000 1:19 AM
67,9/21/2013 7:40 PM
68,3/6/2008 2:56 PM
69,4/8/2010 11:09 AM
70,10/4/2005 2:28 AM
71,6/19/2013 4:38 AM
72,10/28/2018 10:53 PM
73,9/17/2008 6:20 PM
74,7/16/2020 9:03 AM
75,4/3/2013 4:56 AM
76,10/2/2020 5:05 AM
77,3/15/2005 4:21 PM
78,4/23/2011 2:35 PM
79,6/19/2001 12:23 PM
80,11/3/2008 6:23 AM
81,12/21/2019 11:04 AM
82,4/14/2006 5:06 AM
83,7/6/2009 6:39 PM
84,2/2/2003 5:47 AM
85,8/21/2001 2:47 AM
86,7/21/2012 7:38 AM
87,9/17/2003 4:37 PM
88,5/14/2000 5:54 AM
89,11/23/2016 6:16 AM
90,8/3/2003 11:15 AM
91,10/7/2012 6:06 AM
92,6/18/2020 12:26 PM
93,8/9/2015 10:45 PM
94,4/25/2010 4:05 AM
95,4/20/2017 7:25 AM
96,7/18/2012 3:03 PM
97,8/3/2018 7:15 AM
98,5/30/2020 6:13 AM
99,7/3/2017 6:33 PM
100,6/17/2004 9:46 PM
101,12/4/2005 6:40 PM
102,7/30/2009 1:50 PM
103,10/11/2003 2:40 PM
104,6/14/2001 3:24 PM
105,8/12/2004 8:49 PM
106,8/21/2005 1:49 PM
107,1/6/2016 4:29 AM
108,4/2/2013 5:24 PM
109,10/19/2010 6:16 PM
110,7/4/2020 12:45 AM
111,12/18/2009 3:41 PM
112,10/28/2012 8:30 AM
113,12/9/2007 2:05 PM
114,11/13/2001 3:21 AM
115,5/20/2020 5:15 AM
116,2/10/2002 3:56 AM
117,11/28/2004 5:20 PM
118,8/29/2008 2:56 PM
119,4/11/2002 12:10 PM
120,6/25/2018 11:49 AM
121,12/21/2013 8:19 AM
122,3/10/2014 1:47 AM
123,8/17/2008 1:47 PM
124,4/26/2016 11:11 AM
125,8/26/2014 6:05 AM
126,4/1/2000 5:43 AM
127,1/30/2014 9:13 PM
128,2/16/2020 5:48 PM
129,4/20/2008 7:35 PM
130,2/28/2017 10:42 PM
131,5/11/2020 10:51 PM
132,3/16/2017 4:23 AM
133,5/3/2007 7:53 PM
134,11/1/2008 12:23 AM
135,12/18/2012 1:19 PM
136,1/5/2018 6:24 AM
137,10/9/2015 7:20 AM
138,8/12/2018 10:30 AM
139,10/1/2011 9:50 PM
140,6/13/2007 8:54 PM
141,9/19/2010 2:11 PM
142,2/12/2018 5:02 AM
143,8/30/2009 3:07 AM
144,5/15/2013 10:17 PM
145,8/4/2011 5:05 AM
146,3/3/2018 10:42 AM
147,12/29/2006 3:01 AM
148,2/25/2003 8:04 AM
149,6/30/2013 7:14 PM
150,6/20/2001 6:45 AM
151,7/7/2006 10:27 PM
152,6/28/2006 6:05 AM
153,8/8/2013 3:28 AM
154,11/1/2016 10:34 AM
155,8/9/2018 6:46 AM
156,1/18/2004 12:14 PM
157,10/12/2001 9:35 AM
158,11/16/2014 12:37 AM
159,6/10/2009 12:09 PM
160,3/28/2000 10:35 PM
161,7/10/2001 9:49 AM
162,1/24/2018 9:54 PM
163,11/16/2005 4:21 AM
164,10/10/2010 1:19 AM
165,1/26/2015 8:37 AM
166,11/6/2013 7:52 AM
167,8/24/2010 5:39 AM
168,1/20/2006 3:01 PM
169,5/15/2014 4:36 PM
170,2/21/2015 5:14 AM
171,12/25/2009 9:28 AM
172,3/15/2014 7:43 PM
173,8/31/2004 9:11 AM
174,8/7/2007 3:24 PM
175,6/10/2011 5:29 AM
176,11/9/2005 3:53 PM
177,12/17/2003 10:05 AM
178,6/28/2009 1:01 PM
179,3/19/2002 11:25 AM
180,7/1/2017 8:54 AM
181,4/11/2010 6:01 AM
182,3/21/2010 8:31 AM
183,5/11/2006 8:12 PM
184,7/8/2015 2:50 PM
185,8/7/2010 8:18 PM
186,10/26/2015 9:54 PM
187,10/31/2007 4:32 PM
188,6/3/2005 3:53 AM
189,1/21/2006 7:08 PM
190,8/27/2013 12:06 AM
191,10/1/2019 2:29 AM
192,8/1/2007 12:43 PM
193,10/6/2013 2:44 PM
194,9/30/2001 4:53 PM
195,1/21/2008 8:29 AM
196,1/13/2017 3:43 PM
197,3/24/2020 1:12 AM
198,12/2/2009 8:08 PM
199,2/21/2016 11:15 AM
200,3/9/2009 7:16 AM
201,2/9/2020 1:11 AM
202,7/26/2008 10:04 PM
203,8/29/2019 1:34 PM
204,9/16/2010 7:00 AM
205,8/3/2007 8:35 AM
206,8/7/2006 7:00 PM
207,2/9/2010 5:10 AM
208,8/10/2009 5:06 AM
209,11/21/2001 3:48 PM
210,11/16/2009 2:43 AM
211,7/27/2020 2:56 PM
212,11/18/2005 8:57 PM
213,12/25/2009 10:17 PM
214,5/9/2015 10:31 PM
215,12/14/2000 9:08 AM
216,4/30/2016 10:06 AM
217,11/19/2009 12:10 PM
218,8/14/2010 5:47 AM
219,10/17/2012 1:19 PM
220,4/30/2018 2:29 AM
221,12/14/2005 4:07 PM
222,11/17/2019 12:18 AM
223,10/15/2002 4:41 PM
224,2/29/2020 1:13 PM
225,4/16/2011 6:24 AM
226,4/23/2014 2:55 AM
227,12/8/2003 12:28 AM
228,9/23/2013 7:14 PM
229,1/1/2019 12:51 PM
230,5/17/2007 2:44 PM
231,1/11/2005 1:42 AM
232,6/16/2011 5:17 PM
233,11/3/2007 6:07 PM
234,12/8/2014 5:54 PM
235,10/23/2016 8:16 PM
236,6/21/2011 4:26 AM
237,7/13/2009 6:08 PM
238,2/9/2015 4:09 AM
239,11/18/2010 10:29 PM
240,7/27/2008 2:39 AM
241,9/6/2015 10:44 AM
242,4/26/2015 2:11 PM
243,8/17/2012 4:14 PM
244,6/14/2007 7:53 PM
245,12/23/2012 10:20 AM
246,5/10/2012 7:17 PM
247,9/22/2013 5:05 AM
248,11/6/2005 7:44 AM
249,9/8/2004 7:09 PM
250,9/23/2008 2:31 PM
251,4/18/2012 12:48 AM
252,9/27/2019 4:32 PM
253,6/10/2001 9:58 AM
254,3/26/2016 9:50 PM
255,3/6/2003 1:11 PM
256,6/2/2011 10:50 AM
257,1/6/2020 12:13 PM
258,1/29/2014 6:38 PM
259,11/23/2018 12:09 PM
260,8/16/2000 6:14 AM
261,3/27/2014 9:39 AM
262,12/5/2006 6:53 PM
263,6/26/2020 6:55 AM
264,11/18/2008 12:16 AM
265,4/16/2003 12:03 PM
266,11/27/2009 12:00 AM
267,4/20/2016 10:03 PM
268,8/25/2015 6:50 AM
269,8/31/2006 5:48 AM
270,4/10/2016 12:56 AM
271,11/7/2013 9:31 PM
272,12/30/2017 6:34 PM
273,5/10/2005 12:24 AM
274,9/27/2004 7:28 PM
275,3/11/2008 9:04 AM
276,1/24/2015 3:32 PM
277,7/10/2008 1:31 AM
278,5/14/2004 3:20 AM
279,5/10/2012 8:42 PM
280,2/5/2010 1:23 PM
281,4/5/2008 4:58 AM
282,12/24/2017 8:37 AM
283,10/12/2015 3:44 AM
284,6/22/2019 1:26 PM
285,8/15/2007 7:58 PM
286,7/11/2005 9:38 AM
287,4/15/2014 6:52 AM
288,2/4/2003 9:10 PM
289,2/29/2000 2:56 AM
290,11/27/2013 7:49 PM
291,2/19/2009 1:25 AM
292,12/29/2007 10:13 PM
293,1/7/2009 4:11 PM
294,10/24/2012 2:42 PM
295,2/22/2011 7:01 PM
296,1/19/2010 6:17 AM
297,10/30/2020 10:21 PM
298,6/19/2013 9:20 PM
299,1/3/2000 10:20 PM
300,1/5/2020 2:43 PM
301,12/6/2000 8:53 PM
302,7/8/2015 12:10 PM
303,10/9/2007 9:58 PM
304,2/18/2017 5:32 AM
305,3/26/2016 2:02 PM
306,3/9/2013 8:20 AM
307,9/14/2007 3:37 PM
308,9/24/2005 12:02 PM
309,8/8/2002 7:32 AM
310,2/8/2008 7:04 PM
311,8/29/2016 10:27 PM
312,7/4/2019 12:41 PM
313,8/23/2008 4:24 AM
314,1/27/2012 7:03 AM
315,9/10/2011 9:04 AM
316,8/14/2018 12:06 PM
317,1/15/2019 1:39 AM
318,8/12/2014 10:44 PM
319,1/2/2011 1:36 PM
320,1/25/2019 3:33 PM
321,4/25/2020 8:13 PM
322,8/28/2002 4:19 PM
323,8/17/2005 8:00 PM
324,9/13/2016 12:33 AM
325,12/12/2017 2:45 PM
326,3/8/2018 4:03 AM
327,7/21/2009 11:48 AM
328,10/23/2014 9:44 AM
329,6/11/2017 5:05 AM
330,1/2/2006 1:41 AM
331,8/19/2015 8:12 PM
332,1/23/2020 5:06 PM
333,2/8/2000 7:47 AM
334,5/25/2018 4:56 PM
335,6/11/2017 6:35 PM
336,5/12/2018 7:05 AM
337,10/13/2002 2:08 AM
338,1/14/2019 1:58 PM
339,4/16/2019 1:06 PM
340,10/24/2020 5:28 AM
341,2/14/2008 7:58 AM
342,8/13/2012 10:01 AM
343,1/17/2006 7:09 AM
344,2/24/2009 1:19 AM
345,6/15/2016 8:40 AM
346,1/1/2013 12:35 PM
347,6/18/2007 10:21 PM
348,12/6/2012 10:45 PM
349,8/31/2006 9:14 PM
350,3/11/2007 4:15 PM
351,12/12/2001 12:15 AM
352,6/17/2008 11:22 AM
353,11/5/2004 3:12 PM
354,9/17/2011 2:03 PM
355,9/2/2014 12:00 PM
356,5/30/2002 4:29 PM
357,1/30/2012 1:10 PM
358,8/8/2017 5:03 PM
359,11/27/2001 12:44 AM
360,1/28/2006 12:01 AM
361,11/21/2012 11:04 AM
362,10/24/2015 2:01 AM
363,11/29/2017 9:51 AM
364,1/8/2015 2:32 PM
365,4/23/2011 9:58 PM
366,10/25/2006 7:58 PM
367,1/30/2013 3:32 AM
368,6/21/2018 11:31 AM
369,2/16/2011 3:58 AM
370,2/5/2013 1:33 PM
371,4/22/2011 11:38 AM
372,8/23/2018 6:20 AM
373,12/6/2009 8:02 AM
374,12/9/2000 4:31 AM
375,10/28/2010 2:17 PM
376,12/2/2011 11:47 AM
377,2/7/2018 4:14 AM
378,8/14/2013 9:44 PM
379,9/7/2007 12:17 PM
380,2/29/2004 12:34 PM
381,10/9/2016 2:03 AM
382,1/17/2009 4:36 AM
383,11/5/2012 5:04 AM
384,8/10/2005 10:52 PM
385,5/5/2014 6:33 AM
386,8/28/2000 5:46 PM
387,9/13/2012 1:58 AM
388,12/26/2018 3:32 PM
389,9/15/2000 10:47 PM
390,12/20/2008 6:55 AM
391,3/22/2012 9:56 PM
392,2/4/2018 5:41 PM
393,7/24/2013 5:09 AM
394,11/4/2020 8:18 PM
395,8/12/2006 12:53 PM
396,4/15/2004 2:25 AM
397,3/18/2014 2:57 AM
398,2/23/2003 9:36 AM
399,1/11/2007 8:06 PM
400,1/28/2017 8:39 AM
401,9/27/2007 1:50 PM
402,4/30/2011 2:56 PM
403,7/12/2013 5:08 PM
404,10/31/2007 1:27 PM
405,4/3/2010 12:43 AM
406,12/27/2015 9:15 AM
407,1/28/2013 5:34 PM
408,7/10/2016 4:12 AM
409,4/7/2018 1:58 AM
410,3/12/2005 5:22 PM
411,8/13/2003 7:39 PM
412,11/4/2005 4:01 PM
413,10/27/2008 2:36 PM
414,7/10/2013 9:05 PM
415,9/10/2006 2:02 PM
416,4/3/2001 7:20 PM
417,11/10/2011 4:01 AM
418,7/3/2012 7:13 PM
419,10/9/2013 3:33 PM
420,4/8/2015 8:55 PM
421,2/25/2015 7:40 PM
422,12/21/2011 9:17 AM
423,11/3/2019 12:18 AM
424,2/13/2015 1:57 PM
425,3/4/2010 4:47 AM
426,10/10/2014 4:08 PM
427,5/29/2008 8:07 PM
428,8/7/2007 3:14 AM
429,7/5/2014 3:03 AM
430,7/19/2003 4:51 AM
431,3/19/2019 1:22 AM
432,3/10/2011 2:00 PM
433,12/30/2014 5:25 AM
434,9/24/2001 8:11 PM
435,3/23/2014 2:44 AM
436,7/4/2006 7:34 AM
437,1/6/2016 8:54 PM
438,12/5/2010 5:08 PM
439,1/3/2007 3:08 PM
440,9/14/2006 1:02 PM
441,8/18/2018 1:13 AM
442,4/27/2015 4:20 PM
443,10/14/2019 12:32 AM
444,12/25/2008 4:48 AM
445,3/27/2010 1:48 PM
446,8/14/2014 9:32 AM
447,11/26/2001 3:10 AM
448,2/2/2015 12:41 PM
449,3/27/2001 10:46 PM
450,3/4/2002 10:02 AM
451,12/13/2010 2:37 AM
452,3/22/2004 1:51 AM
453,9/10/2017 1:08 PM
454,8/9/2015 8:05 AM
455,7/7/2010 6:01 AM
456,6/16/2011 9:05 PM
457,1/8/2007 9:00 AM
458,9/12/2008 12:28 PM
459,9/7/2011 6:08 PM
460,5/27/2016 1:45 AM
461,10/6/2005 1:33 AM
462,9/5/2008 10:21 PM
463,7/11/2018 7:44 AM
464,1/17/2009 10:28 AM
465,11/12/2020 5:08 AM
466,8/15/2001 9:42 AM
467,12/31/2001 2:09 AM
468,2/26/2005 11:40 AM
469,7/3/2010 12:18 AM
470,9/24/2007 9:57 PM
471,5/17/2001 7:33 AM
472,11/6/2016 2:35 PM
473,3/5/2006 12:35 PM
474,3/27/2019 10:54 PM
475,12/3/2006 6:03 AM
476,4/19/2017 9:25 AM
477,3/22/2013 7:19 AM
478,12/6/2002 10:12 PM
479,11/5/2005 6:41 PM
480,8/3/2017 2:28 PM
481,12/8/2010 1:39 AM
482,5/30/2018 3:30 AM
483,12/26/2001 10:09 AM
484,9/22/2018 3:30 PM
485,11/18/2018 3:27 AM
486,5/24/2006 4:56 AM
487,12/26/2006 12:14 PM
488,3/1/2006 4:01 AM
489,11/20/2016 1:45 PM
490,6/11/2015 4:30 PM
491,10/21/2016 7:18 PM
492,3/2/2017 3:09 AM
493,10/2/2005 12:49 AM
494,3/1/2003 10:08 PM
495,11/23/2001 8:21 AM
496,10/5/2018 9:12 AM
497,11/30/2008 10:16 AM
498,10/19/2018 5:54 PM
499,7/29/2013 10:40 PM
500,3/23/2018 6:28 AM
501,6/5/2008 2:50 PM
502,2/10/2007 8:33 AM
503,5/15/2009 10:40 AM
504,10/9/2007 4:34 AM
505,12/8/2012 9:15 AM
506,11/12/2017 7:41 PM
507,7/7/2002 3:01 PM
508,7/1/2006 3:27 PM
509,4/26/2018 3:54 AM
510,6/10/2011 10:33 PM
511,9/13/2018 10:50 AM
512,6/5/2001 12:47 PM
513,5/25/2008 6:50 AM
514,3/16/2000 2:20 AM
515,9/7/2019 7:07 AM
516,11/22/2006 9:29 AM
517,4/25/2020 7:29 PM
518,10/6/2005 7:50 AM
519,5/9/2017 4:27 AM
520,2/22/2000 5:26 AM
521,4/22/2018 1:45 PM
522,1/17/2017 10:47 PM
523,12/19/2016 8:18 AM
524,4/5/2017 8:43 PM
525,1/10/2020 1:28 AM
526,11/24/2000 1:10 PM
527,7/29/2008 4:37 AM
528,7/27/2013 9:31 PM
529,2/5/2018 12:46 PM
530,3/19/2013 10:56 AM
531,3/18/2001 5:23 PM
532,7/28/2000 2:49 PM
533,4/22/2009 10:25 PM
534,10/20/2015 5:31 AM
535,3/19/2008 4:37 PM
536,6/18/2007 10:06 PM
537,6/9/2017 2:21 PM
538,5/21/2002 10:51 PM
539,5/26/2002 11:08 AM
540,11/13/2003 6:02 AM
541,7/27/2007 4:22 PM
542,11/27/2010 1:55 PM
543,7/3/2000 11:21 AM
544,7/10/2017 7:36 AM
545,5/10/2013 12:03 PM
546,10/26/2005 1:47 PM
547,3/24/2002 9:48 PM
548,4/4/2002 5:06 AM
549,10/10/2013 7:15 PM
550,10/18/2012 9:19 AM
551,1/20/2014 5:14 PM
552,12/3/2012 9:38 PM
553,10/4/2018 1:38 AM
554,5/4/2004 2:29 PM
555,12/6/2018 9:33 PM
556,7/9/2016 4:29 PM
557,4/22/2008 5:16 AM
558,10/20/2001 10:27 PM
559,6/7/2004 7:43 PM
560,10/1/2006 4:49 AM
561,1/20/2006 1:20 AM
562,1/22/2012 10:53 AM
563,7/23/2007 10:43 AM
564,1/9/2018 5:25 PM
565,2/1/2005 10:12 AM
566,9/25/2013 3:40 PM
567,11/11/2012 10:25 AM
568,5/31/2018 10:27 PM
569,7/8/2001 9:17 AM
570,6/14/2007 10:12 AM
571,2/8/2007 5:36 AM
572,1/11/2005 5:20 PM
573,6/23/2008 5:16 PM
574,7/22/2020 10:30 AM
575,7/1/2007 9:24 AM
576,10/20/2000 12:09 PM
577,9/7/2020 12:36 AM
578,10/3/2009 3:36 PM
579,1/31/2005 6:01 AM
580,1/23/2001 1:40 AM
581,3/20/2002 10:56 PM
582,2/18/2014 1:42 PM
583,5/9/2018 3:22 PM
584,1/31/2001 2:52 AM
585,10/19/2001 5:37 AM
586,11/17/2002 8:58 PM
587,3/30/2003 11:36 AM
588,4/25/2009 2:33 AM
589,7/21/2015 1:01 PM
590,3/12/2012 1:42 AM
591,5/18/2006 12:34 AM
592,5/17/2006 3:42 PM
593,2/27/2008 5:19 AM
594,11/22/2008 10:42 AM
595,7/2/2020 5:56 AM
596,7/5/2020 12:09 AM
597,3/4/2002 2:11 AM
598,6/3/2001 6:12 PM
599,6/20/2010 5:53 AM
600,1/19/2006 4:24 AM
601,8/7/2016 10:18 AM
602,2/19/2016 4:51 PM
603,10/13/2017 6:05 PM
604,11/23/2001 12:23 PM
605,3/31/2018 6:40 PM
606,4/27/2010 5:05 AM
607,5/29/2000 6:19 AM
608,10/2/2011 1:55 PM
609,7/5/2017 11:21 AM
610,12/15/2014 9:00 PM
611,7/19/2004 9:37 PM
612,6/7/2015 8:56 PM
613,9/27/2017 2:14 PM
614,7/8/2010 4:57 AM
615,12/13/2007 5:11 PM
616,8/9/2008 4:42 PM
617,11/10/2017 6:29 AM
618,1/21/2004 8:33 PM
619,11/30/2016 7:58 AM
620,7/10/2012 6:48 PM
621,1/29/2007 8:19 AM
622,8/11/2007 10:16 AM
623,7/15/2010 6:07 PM
624,8/17/2015 12:56 PM
625,3/14/2004 8:24 AM
626,11/16/2007 7:43 AM
627,4/7/2001 7:39 AM
628,2/5/2004 9:56 AM
629,3/16/2019 1:08 AM
630,10/23/2007 5:52 PM
631,5/25/2000 7:06 PM
632,11/12/2015 1:10 PM
633,10/24/2007 11:22 AM
634,2/23/2008 8:45 AM
635,6/11/2013 8:51 AM
636,8/14/2016 2:26 AM
637,9/27/2017 12:03 PM
638,11/27/2007 9:08 PM
639,7/28/2010 12:24 AM
640,12/21/2004 8:11 AM
641,7/25/2002 8:47 AM
642,6/6/2000 5:10 PM
643,11/30/2005 3:22 AM
644,11/9/2018 7:35 PM
645,7/20/2008 10:31 PM
646,5/13/2011 11:53 AM
647,12/20/2006 9:41 PM
648,5/10/2020 5:44 AM
649,7/15/2003 9:55 AM
650,5/13/2006 4:04 PM
651,1/22/2008 12:24 PM
652,6/30/2011 3:30 AM
653,1/20/2009 11:06 AM
654,3/11/2017 12:54 AM
655,11/13/2009 8:22 AM
656,12/13/2000 6:32 PM
657,2/22/2008 2:49 AM
658,9/5/2018 4:35 AM
659,2/24/2019 10:47 AM
660,7/12/2001 3:52 PM
661,1/20/2009 12:54 AM
662,10/30/2002 11:27 AM
663,3/20/2010 6:55 AM
664,3/31/2007 12:03 AM
665,4/15/2020 8:49 AM
666,5/8/2006 12:46 AM
667,10/5/2018 9:19 AM
668,2/1/2004 8:33 PM
669,9/21/2009 4:37 AM
670,9/6/2018 1:53 AM
671,4/21/2013 3:00 PM
672,1/16/2005 3:19 PM
673,2/1/2008 5:02 AM
674,7/8/2017 10:52 AM
675,1/10/2005 3:33 PM
676,2/20/2004 1:57 AM
677,5/31/2015 3:28 AM
678,1/26/2008 12:39 AM
679,12/24/2009 10:48 PM
680,7/31/2000 4:00 AM
681,2/7/2002 9:58 AM
682,11/8/2017 7:56 PM
683,4/20/2006 5:45 AM
684,10/3/2010 4:39 AM
685,9/11/2014 9:50 AM
686,10/22/2003 4:30 AM
687,12/9/2011 3:12 AM
688,1/31/2013 5:22 AM
689,12/22/2013 7:35 AM
690,9/21/2001 12:43 AM
691,1/13/2004 10:50 AM
692,4/23/2005 10:21 AM
693,4/14/2006 5:54 AM
694,12/24/2006 9:03 PM
695,2/9/2019 2:22 PM
696,7/31/2013 2:23 AM
697,11/23/2017 4:32 PM
698,6/23/2012 8:28 PM
699,4/30/2014 10:53 PM
700,9/24/2006 8:05 AM
701,8/14/2016 9:33 PM
702,11/15/2006 5:42 PM
703,12/12/2005 3:50 PM
704,4/18/2013 12:13 AM
705,4/1/2001 6:17 PM
706,12/25/2018 4:40 AM
707,5/15/2016 5:54 AM
708,5/5/2000 7:35 AM
709,5/8/2011 6:52 AM
710,12/22/2010 12:42 AM
711,4/21/2000 6:52 PM
712,10/28/2000 12:02 AM
713,1/15/2016 6:39 PM
714,3/3/2001 1:12 PM
715,5/14/2005 3:34 AM
716,7/12/2017 8:43 AM
717,7/28/2001 6:52 AM
718,2/8/2003 11:34 AM
719,1/5/2002 4:30 AM
720,4/7/2006 5:21 PM
721,1/21/2004 6:34 AM
722,11/11/2013 2:29 AM
723,3/30/2001 6:26 AM
724,4/26/2009 2:14 PM
725,4/5/2001 9:49 PM
726,11/22/2002 3:29 PM
727,7/28/2004 2:24 PM
728,5/23/2001 2:17 AM
729,9/28/2016 7:52 PM
730,7/9/2016 11:17 AM
731,9/19/2016 9:18 PM
732,3/3/2001 4:34 AM
733,12/17/2019 7:03 PM
734,3/26/2019 2:35 PM
735,7/7/2016 7:00 AM
736,2/27/2014 3:53 PM
737,9/13/2020 10:33 PM
738,6/13/2015 4:50 PM
739,6/8/2013 7:55 PM
740,10/4/2007 2:11 PM
741,1/25/2001 9:52 PM
742,12/3/2000 9:33 PM
743,10/11/2004 8:45 AM
744,10/8/2010 6:18 AM
745,8/16/2000 7:51 AM
746,9/16/2013 10:42 PM
747,3/7/2000 11:42 AM
748,5/3/2014 9:08 AM
749,7/15/2002 10:57 PM
750,11/27/2015 4:54 PM
751,2/4/2008 8:22 AM
752,7/14/2019 8:01 AM
753,7/29/2011 6:10 PM
754,2/17/2016 2:20 AM
755,8/11/2004 2:11 PM
756,7/25/2004 11:28 AM
757,12/3/2004 2:20 PM
758,1/24/2006 1:22 PM
759,11/25/2008 6:41 PM
760,6/21/2012 8:18 AM
761,12/26/2009 7:29 AM
762,8/28/2004 2:22 AM
763,8/21/2013 8:29 PM
764,7/17/2010 8:49 AM
765,9/12/2018 12:07 PM
766,11/9/2000 11:05 AM
767,7/19/2008 7:35 PM
768,4/22/2008 1:28 AM
769,8/17/2006 1:03 PM
770,3/2/2000 1:35 PM
771,11/8/2004 7:50 AM
772,6/13/2001 6:48 AM
773,7/24/2020 7:22 PM
774,1/17/2005 12:34 AM
775,5/29/2005 12:28 PM
776,10/28/2010 9:36 AM
777,10/31/2008 3:47 PM
778,10/3/2006 10:51 PM
779,10/22/2019 12:05 AM
780,8/1/2013 4:53 PM
781,5/16/2000 12:57 PM
782,8/16/2014 9:36 AM
783,10/3/2020 2:36 AM
784,5/30/2002 5:35 AM
785,11/26/2014 6:57 AM
786,7/23/2009 8:42 PM
787,4/21/2020 1:05 AM
788,1/25/2019 8:18 PM
789,1/17/2013 7:21 AM
790,6/20/2009 1:51 AM
791,11/18/2000 11:55 AM
792,3/10/2007 8:10 AM
793,7/3/2008 6:58 AM
794,4/13/2015 11:40 AM
795,7/1/2017 9:34 PM
796,1/17/2007 8:23 AM
797,5/2/2016 1:50 AM
798,3/6/2018 2:20 PM
799,8/2/2008 10:21 PM
800,1/12/2020 11:40 AM
801,11/5/2018 8:48 AM
802,4/3/2018 9:49 PM
803,7/21/2013 5:07 AM
804,9/28/2009 5:38 AM
805,10/7/2001 6:26 PM
806,2/23/2011 9:50 AM
807,5/25/2019 7:56 AM
808,6/30/2002 4:09 PM
809,8/3/2005 12:42 AM
810,7/12/2011 5:14 PM
811,8/29/2004 4:07 PM
812,10/11/2010 7:11 PM
813,11/3/2006 4:52 PM
814,12/19/2000 8:03 AM
815,1/24/2011 1:41 AM
816,1/12/2000 1:00 AM
817,7/24/2001 5:14 PM
818,5/5/2011 3:06 PM
819,11/12/2011 2:03 PM
820,9/7/2005 5:14 AM
821,2/28/2003 6:25 PM
822,7/8/2017 12:17 AM
823,12/27/2019 5:25 AM
824,7/5/2001 4:48 PM
825,10/30/2014 4:32 AM
826,10/21/2012 4:35 PM
827,6/18/2012 1:33 PM
828,10/7/2006 5:13 AM
829,11/27/2016 2:22 PM
830,8/29/2013 1:05 PM
831,2/1/2010 8:29 AM
832,7/9/2005 2:14 PM
833,7/18/2016 9:06 PM
834,11/3/2013 11:27 AM
835,12/25/2003 6:48 PM
836,5/15/2009 8:32 PM
837,9/17/2020 2:40 AM
838,1/22/2007 2:28 PM
839,5/19/2002 11:14 AM
840,10/5/2004 6:21 AM
841,1/11/2007 4:37 PM
842,11/20/2002 3:38 AM
843,5/1/2003 10:00 PM
844,6/18/2016 6:35 PM
845,11/21/2016 6:19 PM
846,8/24/2019 6:30 PM
847,1/7/2009 10:56 PM
848,7/10/2005 4:11 AM
849,10/22/2008 7:54 PM
850,11/10/2004 3:34 AM
851,10/27/2009 8:17 AM
852,10/29/2012 2:18 PM
853,10/22/2018 2:26 PM
854,11/17/2019 5:02 AM
855,6/14/2004 10:57 AM
856,4/3/2004 11:01 AM
857,1/25/2016 2:25 AM
858,10/9/2018 8:22 PM
859,5/24/2004 11:39 AM
860,7/1/2010 3:32 AM
861,2/11/2014 3:15 PM
862,2/6/2016 5:56 PM
863,11/5/2016 8:30 AM
864,10/25/2003 9:37 AM
865,8/7/2007 7:35 AM
866,12/13/2003 8:23 AM
867,6/5/2005 6:13 PM
868,6/24/2011 11:02 AM
869,3/14/2019 3:27 AM
870,11/9/2004 9:10 AM
871,2/24/2003 5:08 AM
872,10/3/2007 2:27 PM
873,4/10/2018 4:10 PM
874,12/30/2010 1:36 AM
875,10/7/2005 5:21 AM
876,12/4/2010 11:38 AM
877,1/24/2007 9:49 AM
878,3/15/2020 2:44 AM
879,6/28/2003 1:21 PM
880,11/8/2004 8:38 PM
881,8/5/2006 10:33 AM
882,4/19/2006 8:32 PM
883,8/11/2011 3:15 AM
884,10/19/2000 4:29 AM
885,6/22/2012 6:10 PM
886,3/20/2016 10:47 AM
887,11/20/2019 5:58 AM
888,5/24/2014 3:04 PM
889,5/31/2012 4:39 PM
890,7/2/2019 6:01 PM
891,5/25/2018 10:27 PM
892,5/13/2017 5:54 PM
893,1/26/2002 4:20 PM
894,7/30/2014 4:51 PM
895,6/23/2013 6:53 PM
896,8/29/2018 2:10 PM
897,1/14/2002 7:23 PM
898,1/19/2011 9:41 AM
899,10/24/2016 4:03 PM
900,11/26/2020 12:56 AM
901,5/5/2006 12:49 AM
902,9/8/2006 3:41 PM
903,12/19/2017 6:25 PM
904,9/20/2018 9:33 PM
905,6/11/2016 1:41 PM
906,6/19/2007 1:26 PM
907,1/17/2000 12:35 PM
908,7/31/2013 1:50 AM
909,7/27/2017 4:45 PM
910,6/4/2016 4:33 AM
911,4/10/2003 11:26 AM
912,1/13/2000 1:53 PM
913,6/8/2003 6:01 PM
914,6/15/2006 10:49 PM
915,1/18/2012 3:57 AM
916,2/6/2001 4:13 PM
917,12/1/2019 6:17 PM
918,7/15/2003 3:28 PM
919,2/6/2000 6:47 AM
920,3/13/2003 4:39 PM
921,6/9/2013 5:47 PM
922,11/17/2000 9:19 AM
923,2/7/2018 1:17 AM
924,12/12/2004 6:22 PM
925,10/16/2005 3:45 PM
926,8/30/2005 4:40 PM
927,10/11/2006 10:24 AM
928,7/13/2003 10:32 PM
929,3/21/2010 12:07 PM
930,4/30/2019 8:44 AM
931,9/20/2009 10:19 AM
932,3/16/2008 7:20 PM
933,5/10/2018 8:33 AM
934,1/17/2020 10:09 AM
935,1/26/2001 7:31 AM
936,2/24/2000 6:40 AM
937,3/9/2011 10:08 AM
938,12/7/2013 1:29 AM
939,10/29/2018 5:44 AM
940,3/1/2008 1:04 PM
941,2/15/2002 4:09 AM
942,12/12/2008 1:52 AM
943,12/21/2007 4:15 AM
944,12/18/2017 3:30 AM
945,10/1/2015 10:32 AM
946,12/5/2014 2:32 PM
947,7/29/2018 3:35 PM
948,12/2/2014 7:31 AM
949,3/14/2005 1:29 AM
950,5/8/2002 8:26 PM
951,7/24/2011 2:18 AM
952,2/24/2017 8:01 PM
953,3/28/2015 12:04 PM
954,12/4/2000 3:44 AM
955,1/6/2014 8:52 AM
956,5/30/2009 4:18 AM
957,11/23/2013 6:20 PM
958,9/27/2013 4:04 PM
959,3/27/2000 1:23 AM
960,12/4/2006 1:57 AM
961,6/12/2013 7:58 PM
962,5/13/2005 1:23 PM
963,2/9/2006 12:07 AM
964,5/9/2000 3:02 PM
965,8/1/2016 6:47 AM
966,10/24/2011 5:05 AM
967,3/30/2010 5:54 AM
968,7/6/2015 3:07 AM
969,1/31/2008 8:06 PM
970,1/7/2004 3:46 AM
971,5/23/2008 5:30 AM
972,7/2/2012 7:48 AM
973,8/13/2000 12:47 AM
974,10/26/2005 10:24 PM
975,12/28/2015 10:39 PM
976,2/18/2014 9:21 AM
977,3/5/2019 12:21 PM
978,2/24/2012 10:10 AM
979,11/15/2009 4:36 PM
980,11/19/2014 10:24 AM
981,6/14/2008 1:55 PM
982,2/19/2007 1:18 AM
983,5/24/2010 3:49 PM
984,7/3/2010 5:22 PM
985,12/28/2017 8:41 AM
986,3/31/2020 4:43 PM
987,7/5/2017 4:35 AM
988,6/11/2007 1:41 AM
989,11/29/2011 11:36 AM
990,2/6/2010 2:46 PM
991,7/24/2004 9:35 PM
992,9/11/2012 10:07 PM
993,4/19/2007 2:27 PM
994,3/14/2016 7:11 AM
995,1/28/2018 8:52 AM
996,9/19/2009 5:03 PM
997,8/26/2020 12:37 PM
998,1/21/2003 7:28 AM
999,2/17/2012 7:50 PM
1000,5/22/2002 7:57 PM

